This file contains any messages produced by compilers while
running configure, to aid debugging if configure makes a mistake.

It was created by fftw configure 3.3.6-pl2, which was
generated by GNU Autoconf 2.69.  Invocation command line was

  $ ./configure --prefix=/home/nishidh/climt_ai/climt_repo/climt/_lib/fftw-3.3.6-pl2/.. --enable-openmp --with-pic --disable-shared

## --------- ##
## Platform. ##
## --------- ##

hostname = fortytwo
uname -m = x86_64
uname -r = 5.4.0-172-generic
uname -s = Linux
uname -v = #190-Ubuntu SMP Fri Feb 2 23:24:22 UTC 2024

/usr/bin/uname -p = x86_64
/bin/uname -X     = unknown

/bin/arch              = x86_64
/usr/bin/arch -k       = unknown
/usr/convex/getsysinfo = unknown
/usr/bin/hostinfo      = unknown
/bin/machine           = unknown
/usr/bin/oslevel       = unknown
/bin/universe          = unknown

PATH: /home/nishidh/apptainer/bin
PATH: /home/nishidh/.vscode-server/data/User/globalStorage/github.copilot-chat/debugCommand
PATH: /home/nishidh/.vscode-server/data/User/globalStorage/github.copilot-chat/copilotCli
PATH: /home/nishidh/.vscode-server/cli/servers/Stable-61b3d0ab13be7dda2389f1d3e60a119c7f660cc3/server/bin/remote-cli
PATH: /home/nishidh/.local/bin
PATH: /home/nishidh/miniconda3/envs/climt/bin
PATH: /home/nishidh/miniconda3/condabin
PATH: /home/nishidh/apptainer/bin
PATH: /usr/local/pmix/bin
PATH: /usr/local/openmpi4/bin
PATH: /home/nishidh/.local/bin
PATH: /usr/local/pmix/bin
PATH: /usr/local/openmpi4/bin
PATH: /usr/local/sbin
PATH: /usr/local/bin
PATH: /usr/sbin
PATH: /usr/bin
PATH: /sbin
PATH: /bin
PATH: /usr/games
PATH: /usr/local/games
PATH: /snap/bin
PATH: /home/nishidh/.vscode-server/extensions/ms-python.debugpy-2025.18.0-linux-x64/bundled/scripts/noConfigScripts


## ----------- ##
## Core tests. ##
## ----------- ##

configure:2820: checking for a BSD-compatible install
configure:2888: result: /usr/bin/install -c
configure:2899: checking whether build environment is sane
configure:2954: result: yes
configure:3103: checking for a thread-safe mkdir -p
configure:3142: result: /usr/bin/mkdir -p
configure:3149: checking for gawk
configure:3165: found /usr/bin/gawk
configure:3176: result: gawk
configure:3187: checking whether make sets $(MAKE)
configure:3209: result: yes
configure:3238: checking whether make supports nested variables
configure:3255: result: yes
configure:3385: checking whether to enable maintainer-specific portions of Makefiles
configure:3394: result: no
configure:3442: checking build system type
configure:3456: result: x86_64-conda-linux-gnu
configure:3476: checking host system type
configure:3489: result: x86_64-conda-linux-gnu
configure:4103: checking for x86_64-conda-linux-gnu-gcc
configure:4130: result: gcc
configure:4399: checking for C compiler version
configure:4408: gcc --version >&5
gcc (Ubuntu 9.4.0-1ubuntu1~20.04.2) 9.4.0
Copyright (C) 2019 Free Software Foundation, Inc.
This is free software; see the source for copying conditions.  There is NO
warranty; not even for MERCHANTABILITY or FITNESS FOR A PARTICULAR PURPOSE.

configure:4419: $? = 0
configure:4408: gcc -v >&5
Using built-in specs.
COLLECT_GCC=gcc
COLLECT_LTO_WRAPPER=/usr/lib/gcc/x86_64-linux-gnu/9/lto-wrapper
OFFLOAD_TARGET_NAMES=nvptx-none:hsa
OFFLOAD_TARGET_DEFAULT=1
Target: x86_64-linux-gnu
Configured with: ../src/configure -v --with-pkgversion='Ubuntu 9.4.0-1ubuntu1~20.04.2' --with-bugurl=file:///usr/share/doc/gcc-9/README.Bugs --enable-languages=c,ada,c++,go,brig,d,fortran,objc,obj-c++,gm2 --prefix=/usr --with-gcc-major-version-only --program-suffix=-9 --program-prefix=x86_64-linux-gnu- --enable-shared --enable-linker-build-id --libexecdir=/usr/lib --without-included-gettext --enable-threads=posix --libdir=/usr/lib --enable-nls --enable-clocale=gnu --enable-libstdcxx-debug --enable-libstdcxx-time=yes --with-default-libstdcxx-abi=new --enable-gnu-unique-object --disable-vtable-verify --enable-plugin --enable-default-pie --with-system-zlib --with-target-system-zlib=auto --enable-objc-gc=auto --enable-multiarch --disable-werror --with-arch-32=i686 --with-abi=m64 --with-multilib-list=m32,m64,mx32 --enable-multilib --with-tune=generic --enable-offload-targets=nvptx-none=/build/gcc-9-9QDOt0/gcc-9-9.4.0/debian/tmp-nvptx/usr,hsa --without-cuda-driver --enable-checking=release --build=x86_64-linux-gnu --host=x86_64-linux-gnu --target=x86_64-linux-gnu
Thread model: posix
gcc version 9.4.0 (Ubuntu 9.4.0-1ubuntu1~20.04.2) 
configure:4419: $? = 0
configure:4408: gcc -V >&5
gcc: error: unrecognized command line option '-V'
gcc: fatal error: no input files
compilation terminated.
configure:4419: $? = 1
configure:4408: gcc -qversion >&5
gcc: error: unrecognized command line option '-qversion'; did you mean '--version'?
gcc: fatal error: no input files
compilation terminated.
configure:4419: $? = 1
configure:4439: checking whether the C compiler works
configure:4461: gcc -O2 -fno-tree-vectorize -Wno-incompatible-pointer-types -DNDEBUG -D_FORTIFY_SOURCE=2 -O2 -isystem /home/nishidh/miniconda3/envs/climt/include -Wl,-O2 -Wl,--sort-common -Wl,--as-needed -Wl,-z,relro -Wl,-z,now -Wl,--disable-new-dtags -Wl,--gc-sections -Wl,--allow-shlib-undefined -Wl,-rpath,/home/nishidh/miniconda3/envs/climt/lib -Wl,-rpath-link,/home/nishidh/miniconda3/envs/climt/lib -L/home/nishidh/miniconda3/envs/climt/lib conftest.c  >&5
configure:4465: $? = 0
configure:4513: result: yes
configure:4516: checking for C compiler default output file name
configure:4518: result: a.out
configure:4524: checking for suffix of executables
configure:4531: gcc -o conftest -O2 -fno-tree-vectorize -Wno-incompatible-pointer-types -DNDEBUG -D_FORTIFY_SOURCE=2 -O2 -isystem /home/nishidh/miniconda3/envs/climt/include -Wl,-O2 -Wl,--sort-common -Wl,--as-needed -Wl,-z,relro -Wl,-z,now -Wl,--disable-new-dtags -Wl,--gc-sections -Wl,--allow-shlib-undefined -Wl,-rpath,/home/nishidh/miniconda3/envs/climt/lib -Wl,-rpath-link,/home/nishidh/miniconda3/envs/climt/lib -L/home/nishidh/miniconda3/envs/climt/lib conftest.c  >&5
configure:4535: $? = 0
configure:4557: result: 
configure:4579: checking whether we are cross compiling
configure:4587: gcc -o conftest -O2 -fno-tree-vectorize -Wno-incompatible-pointer-types -DNDEBUG -D_FORTIFY_SOURCE=2 -O2 -isystem /home/nishidh/miniconda3/envs/climt/include -Wl,-O2 -Wl,--sort-common -Wl,--as-needed -Wl,-z,relro -Wl,-z,now -Wl,--disable-new-dtags -Wl,--gc-sections -Wl,--allow-shlib-undefined -Wl,-rpath,/home/nishidh/miniconda3/envs/climt/lib -Wl,-rpath-link,/home/nishidh/miniconda3/envs/climt/lib -L/home/nishidh/miniconda3/envs/climt/lib conftest.c  >&5
configure:4591: $? = 0
configure:4598: ./conftest
configure:4602: $? = 0
configure:4590: result: no
configure:4595: checking for suffix of object files
configure:4617: gcc -c -O2 -fno-tree-vectorize -Wno-incompatible-pointer-types -DNDEBUG -D_FORTIFY_SOURCE=2 -O2 -isystem /home/nishidh/miniconda3/envs/climt/include conftest.c >&5
configure:4621: $? = 0
configure:4642: result: o
configure:4646: checking whether we are using the GNU C compiler
configure:4665: gcc -c -O2 -fno-tree-vectorize -Wno-incompatible-pointer-types -DNDEBUG -D_FORTIFY_SOURCE=2 -O2 -isystem /home/nishidh/miniconda3/envs/climt/include conftest.c >&5
configure:4665: $? = 0
configure:4674: result: yes
configure:4683: checking whether gcc accepts -g
configure:4703: gcc -c -g -DNDEBUG -D_FORTIFY_SOURCE=2 -O2 -isystem /home/nishidh/miniconda3/envs/climt/include conftest.c >&5
configure:4703: $? = 0
configure:4744: result: yes
configure:4761: checking for gcc option to accept ISO C89
configure:4824: gcc  -c -O2 -fno-tree-vectorize -Wno-incompatible-pointer-types -DNDEBUG -D_FORTIFY_SOURCE=2 -O2 -isystem /home/nishidh/miniconda3/envs/climt/include conftest.c >&5
configure:4824: $? = 0
configure:4837: result: none needed
configure:4862: checking whether gcc understands -c and -o together
configure:4884: gcc -c conftest.c -o conftest2.o
configure:4887: $? = 0
configure:4884: gcc -c conftest.c -o conftest2.o
configure:4887: $? = 0
configure:4899: result: yes
configure:4927: checking for style of include used by make
configure:4955: result: GNU
configure:4981: checking dependency style of gcc
configure:5092: result: gcc3
configure:5110: checking for C compiler vendor
configure:5134: gcc -c -O2 -fno-tree-vectorize -Wno-incompatible-pointer-types -DNDEBUG -D_FORTIFY_SOURCE=2 -O2 -isystem /home/nishidh/miniconda3/envs/climt/include conftest.c >&5
conftest.c: In function 'main':
conftest.c:18:7: error: 'thisisanerror' undeclared (first use in this function)
   18 |       thisisanerror;
      |       ^~~~~~~~~~~~~
conftest.c:18:7: note: each undeclared identifier is reported only once for each function it appears in
configure:5134: $? = 1
configure: failed program was:
| /* confdefs.h */
| #define PACKAGE_NAME "fftw"
| #define PACKAGE_TARNAME "fftw"
| #define PACKAGE_VERSION "3.3.6-pl2"
| #define PACKAGE_STRING "fftw 3.3.6-pl2"
| #define PACKAGE_BUGREPORT "fftw@fftw.org"
| #define PACKAGE_URL ""
| #define PACKAGE "fftw"
| #define VERSION "3.3.6-pl2"
| #define FFTW_ENABLE_ALLOCA 1
| /* end confdefs.h.  */
| 
| int
| main ()
| {
| 
| #if !(defined(__ICC) || defined(__ECC) || defined(__INTEL_COMPILER))
|       thisisanerror;
| #endif
| 
|   ;
|   return 0;
| }
configure:5134: gcc -c -O2 -fno-tree-vectorize -Wno-incompatible-pointer-types -DNDEBUG -D_FORTIFY_SOURCE=2 -O2 -isystem /home/nishidh/miniconda3/envs/climt/include conftest.c >&5
conftest.c: In function 'main':
conftest.c:18:7: error: 'thisisanerror' undeclared (first use in this function)
   18 |       thisisanerror;
      |       ^~~~~~~~~~~~~
conftest.c:18:7: note: each undeclared identifier is reported only once for each function it appears in
configure:5134: $? = 1
configure: failed program was:
| /* confdefs.h */
| #define PACKAGE_NAME "fftw"
| #define PACKAGE_TARNAME "fftw"
| #define PACKAGE_VERSION "3.3.6-pl2"
| #define PACKAGE_STRING "fftw 3.3.6-pl2"
| #define PACKAGE_BUGREPORT "fftw@fftw.org"
| #define PACKAGE_URL ""
| #define PACKAGE "fftw"
| #define VERSION "3.3.6-pl2"
| #define FFTW_ENABLE_ALLOCA 1
| /* end confdefs.h.  */
| 
| int
| main ()
| {
| 
| #if !(defined(__ibmxl__) || defined(__xlc__) || defined(__xlC__) || defined(__IBMC__) || defined(__IBMCPP__))
|       thisisanerror;
| #endif
| 
|   ;
|   return 0;
| }
configure:5134: gcc -c -O2 -fno-tree-vectorize -Wno-incompatible-pointer-types -DNDEBUG -D_FORTIFY_SOURCE=2 -O2 -isystem /home/nishidh/miniconda3/envs/climt/include conftest.c >&5
conftest.c: In function 'main':
conftest.c:18:7: error: 'thisisanerror' undeclared (first use in this function)
   18 |       thisisanerror;
      |       ^~~~~~~~~~~~~
conftest.c:18:7: note: each undeclared identifier is reported only once for each function it appears in
configure:5134: $? = 1
configure: failed program was:
| /* confdefs.h */
| #define PACKAGE_NAME "fftw"
| #define PACKAGE_TARNAME "fftw"
| #define PACKAGE_VERSION "3.3.6-pl2"
| #define PACKAGE_STRING "fftw 3.3.6-pl2"
| #define PACKAGE_BUGREPORT "fftw@fftw.org"
| #define PACKAGE_URL ""
| #define PACKAGE "fftw"
| #define VERSION "3.3.6-pl2"
| #define FFTW_ENABLE_ALLOCA 1
| /* end confdefs.h.  */
| 
| int
| main ()
| {
| 
| #if !(defined(__PATHCC__) || defined(__PATHSCALE__))
|       thisisanerror;
| #endif
| 
|   ;
|   return 0;
| }
configure:5134: gcc -c -O2 -fno-tree-vectorize -Wno-incompatible-pointer-types -DNDEBUG -D_FORTIFY_SOURCE=2 -O2 -isystem /home/nishidh/miniconda3/envs/climt/include conftest.c >&5
conftest.c: In function 'main':
conftest.c:18:7: error: 'thisisanerror' undeclared (first use in this function)
   18 |       thisisanerror;
      |       ^~~~~~~~~~~~~
conftest.c:18:7: note: each undeclared identifier is reported only once for each function it appears in
configure:5134: $? = 1
configure: failed program was:
| /* confdefs.h */
| #define PACKAGE_NAME "fftw"
| #define PACKAGE_TARNAME "fftw"
| #define PACKAGE_VERSION "3.3.6-pl2"
| #define PACKAGE_STRING "fftw 3.3.6-pl2"
| #define PACKAGE_BUGREPORT "fftw@fftw.org"
| #define PACKAGE_URL ""
| #define PACKAGE "fftw"
| #define VERSION "3.3.6-pl2"
| #define FFTW_ENABLE_ALLOCA 1
| /* end confdefs.h.  */
| 
| int
| main ()
| {
| 
| #if !(defined(__clang__))
|       thisisanerror;
| #endif
| 
|   ;
|   return 0;
| }
configure:5134: gcc -c -O2 -fno-tree-vectorize -Wno-incompatible-pointer-types -DNDEBUG -D_FORTIFY_SOURCE=2 -O2 -isystem /home/nishidh/miniconda3/envs/climt/include conftest.c >&5
configure:5134: $? = 0
configure:5141: result: gnu
configure:5148: checking for gcc option to accept ISO C99
configure:5297: gcc  -c -O2 -fno-tree-vectorize -Wno-incompatible-pointer-types -DNDEBUG -D_FORTIFY_SOURCE=2 -O2 -isystem /home/nishidh/miniconda3/envs/climt/include conftest.c >&5
configure:5297: $? = 0
configure:5310: result: none needed
configure:5418: checking for gcc option to accept ISO Standard C
configure:5429: result: none needed
configure:5437: checking whether ln -s works
configure:5441: result: yes
configure:5448: checking whether make sets $(MAKE)
configure:5470: result: yes
configure:5828: checking how to print strings
configure:5855: result: printf
configure:5876: checking for a sed that does not truncate output
configure:5940: result: /usr/bin/sed
configure:5958: checking for grep that handles long lines and -e
configure:6016: result: /usr/bin/grep
configure:6021: checking for egrep
configure:6083: result: /usr/bin/grep -E
configure:6088: checking for fgrep
configure:6150: result: /usr/bin/grep -F
configure:6185: checking for ld used by gcc
configure:6252: result: ld
configure:6259: checking if the linker (ld) is GNU ld
configure:6274: result: yes
configure:6286: checking for BSD- or MS-compatible name lister (nm)
configure:6340: result: x86_64-conda-linux-gnu-nm
configure:6470: checking the name lister (x86_64-conda-linux-gnu-nm) interface
configure:6477: gcc -c -O2 -fno-tree-vectorize -Wno-incompatible-pointer-types -DNDEBUG -D_FORTIFY_SOURCE=2 -O2 -isystem /home/nishidh/miniconda3/envs/climt/include conftest.c >&5
configure:6480: x86_64-conda-linux-gnu-nm "conftest.o"
./configure: line 6481: x86_64-conda-linux-gnu-nm: command not found
configure:6483: output
configure:6484: result: BSD nm
configure:6488: checking the maximum length of command line arguments
configure:6619: result: 1572864
configure:6667: checking how to convert x86_64-conda-linux-gnu file names to x86_64-conda-linux-gnu format
configure:6707: result: func_convert_file_noop
configure:6714: checking how to convert x86_64-conda-linux-gnu file names to toolchain format
configure:6734: result: func_convert_file_noop
configure:6741: checking for ld option to reload object files
configure:6748: result: -r
configure:6782: checking for x86_64-conda-linux-gnu-objdump
configure:6809: result: x86_64-conda-linux-gnu-objdump
configure:6878: checking how to recognize dependent libraries
configure:7078: result: pass_all
configure:7123: checking for x86_64-conda-linux-gnu-dlltool
configure:7150: result: dlltool
configure:7220: checking how to associate runtime and link libraries
configure:7247: result: printf %s\n
configure:7263: checking for x86_64-conda-linux-gnu-ar
configure:7290: result: ar
configure:7371: checking for archiver @FILE support
configure:7388: gcc -c -O2 -fno-tree-vectorize -Wno-incompatible-pointer-types -DNDEBUG -D_FORTIFY_SOURCE=2 -O2 -isystem /home/nishidh/miniconda3/envs/climt/include conftest.c >&5
configure:7388: $? = 0
configure:7391: ar cru libconftest.a @conftest.lst >&5
ar: `u' modifier ignored since `D' is the default (see `U')
configure:7394: $? = 0
configure:7399: ar cru libconftest.a @conftest.lst >&5
ar: `u' modifier ignored since `D' is the default (see `U')
ar: conftest.o: No such file or directory
configure:7402: $? = 1
configure:7401: result: @
configure:7419: checking for x86_64-conda-linux-gnu-strip
configure:7446: result: x86_64-conda-linux-gnu-strip
configure:7518: checking for x86_64-conda-linux-gnu-ranlib
configure:7545: result: ranlib
configure:7687: checking command to parse x86_64-conda-linux-gnu-nm output from gcc object
configure:7840: gcc -c -O2 -fno-tree-vectorize -Wno-incompatible-pointer-types -DNDEBUG -D_FORTIFY_SOURCE=2 -O2 -isystem /home/nishidh/miniconda3/envs/climt/include conftest.c >&5
configure:7843: $? = 0
configure:7847: x86_64-conda-linux-gnu-nm conftest.o \| sed -n -e 's/^.*[ ]\([BCDEGRST][BCDEGRST]*\)[ ][ ]*\([_A-Za-z][_A-Za-z0-9]*\)$/\1 \2 \2/p' | sed '/ __gnu_lto/d' \> conftest.nm
./configure: line 7848: x86_64-conda-linux-gnu-nm: command not found
configure:7850: $? = 0
cannot run sed -n -e 's/^.*[	 ]\([BCDEGRST][BCDEGRST]*\)[	 ][	 ]*\([_A-Za-z][_A-Za-z0-9]*\)$/\1 \2 \2/p' | sed '/ __gnu_lto/d'
configure:7840: gcc -c -O2 -fno-tree-vectorize -Wno-incompatible-pointer-types -DNDEBUG -D_FORTIFY_SOURCE=2 -O2 -isystem /home/nishidh/miniconda3/envs/climt/include conftest.c >&5
configure:7843: $? = 0
configure:7847: x86_64-conda-linux-gnu-nm conftest.o \| sed -n -e 's/^.*[ ]\([BCDEGRST][BCDEGRST]*\)[ ][ ]*_\([_A-Za-z][_A-Za-z0-9]*\)$/\1 _\2 \2/p' | sed '/ __gnu_lto/d' \> conftest.nm
./configure: line 7848: x86_64-conda-linux-gnu-nm: command not found
configure:7850: $? = 0
cannot run sed -n -e 's/^.*[	 ]\([BCDEGRST][BCDEGRST]*\)[	 ][	 ]*_\([_A-Za-z][_A-Za-z0-9]*\)$/\1 _\2 \2/p' | sed '/ __gnu_lto/d'
configure:7954: result: failed
configure:8004: checking for sysroot
configure:8034: result: no
configure:8041: checking for a working dd
configure:8079: result: /usr/bin/dd
configure:8083: checking how to truncate binary pipes
configure:8098: result: /usr/bin/dd bs=4096 count=1
configure:8234: gcc -c -O2 -fno-tree-vectorize -Wno-incompatible-pointer-types -DNDEBUG -D_FORTIFY_SOURCE=2 -O2 -isystem /home/nishidh/miniconda3/envs/climt/include conftest.c >&5
configure:8237: $? = 0
configure:8387: checking for x86_64-conda-linux-gnu-mt
configure:8417: result: no
configure:8427: checking for mt
configure:8443: found /usr/bin/mt
configure:8454: result: mt
configure:8477: checking if mt is a manifest tool
configure:8483: mt '-?'
configure:8491: result: no
configure:9168: checking how to run the C preprocessor
configure:9238: result: cpp
configure:9258: cpp -DNDEBUG -D_FORTIFY_SOURCE=2 -O2 -isystem /home/nishidh/miniconda3/envs/climt/include conftest.c
configure:9258: $? = 0
configure:9272: cpp -DNDEBUG -D_FORTIFY_SOURCE=2 -O2 -isystem /home/nishidh/miniconda3/envs/climt/include conftest.c
conftest.c:12:10: fatal error: ac_nonexistent.h: No such file or directory
   12 | #include <ac_nonexistent.h>
      |          ^~~~~~~~~~~~~~~~~~
compilation terminated.
configure:9272: $? = 1
configure: failed program was:
| /* confdefs.h */
| #define PACKAGE_NAME "fftw"
| #define PACKAGE_TARNAME "fftw"
| #define PACKAGE_VERSION "3.3.6-pl2"
| #define PACKAGE_STRING "fftw 3.3.6-pl2"
| #define PACKAGE_BUGREPORT "fftw@fftw.org"
| #define PACKAGE_URL ""
| #define PACKAGE "fftw"
| #define VERSION "3.3.6-pl2"
| #define FFTW_ENABLE_ALLOCA 1
| /* end confdefs.h.  */
| #include <ac_nonexistent.h>
configure:9301: checking for ANSI C header files
configure:9321: gcc -c -O2 -fno-tree-vectorize -Wno-incompatible-pointer-types -DNDEBUG -D_FORTIFY_SOURCE=2 -O2 -isystem /home/nishidh/miniconda3/envs/climt/include conftest.c >&5
configure:9321: $? = 0
configure:9394: gcc -o conftest -O2 -fno-tree-vectorize -Wno-incompatible-pointer-types -DNDEBUG -D_FORTIFY_SOURCE=2 -O2 -isystem /home/nishidh/miniconda3/envs/climt/include -Wl,-O2 -Wl,--sort-common -Wl,--as-needed -Wl,-z,relro -Wl,-z,now -Wl,--disable-new-dtags -Wl,--gc-sections -Wl,--allow-shlib-undefined -Wl,-rpath,/home/nishidh/miniconda3/envs/climt/lib -Wl,-rpath-link,/home/nishidh/miniconda3/envs/climt/lib -L/home/nishidh/miniconda3/envs/climt/lib conftest.c  >&5
configure:9394: $? = 0
configure:9394: ./conftest
configure:9394: $? = 0
configure:9405: result: yes
configure:9418: checking for sys/types.h
configure:9418: gcc -c -O2 -fno-tree-vectorize -Wno-incompatible-pointer-types -DNDEBUG -D_FORTIFY_SOURCE=2 -O2 -isystem /home/nishidh/miniconda3/envs/climt/include conftest.c >&5
configure:9418: $? = 0
configure:9418: result: yes
configure:9418: checking for sys/stat.h
configure:9418: gcc -c -O2 -fno-tree-vectorize -Wno-incompatible-pointer-types -DNDEBUG -D_FORTIFY_SOURCE=2 -O2 -isystem /home/nishidh/miniconda3/envs/climt/include conftest.c >&5
configure:9418: $? = 0
configure:9418: result: yes
configure:9418: checking for stdlib.h
configure:9418: gcc -c -O2 -fno-tree-vectorize -Wno-incompatible-pointer-types -DNDEBUG -D_FORTIFY_SOURCE=2 -O2 -isystem /home/nishidh/miniconda3/envs/climt/include conftest.c >&5
configure:9418: $? = 0
configure:9418: result: yes
configure:9418: checking for string.h
configure:9418: gcc -c -O2 -fno-tree-vectorize -Wno-incompatible-pointer-types -DNDEBUG -D_FORTIFY_SOURCE=2 -O2 -isystem /home/nishidh/miniconda3/envs/climt/include conftest.c >&5
configure:9418: $? = 0
configure:9418: result: yes
configure:9418: checking for memory.h
configure:9418: gcc -c -O2 -fno-tree-vectorize -Wno-incompatible-pointer-types -DNDEBUG -D_FORTIFY_SOURCE=2 -O2 -isystem /home/nishidh/miniconda3/envs/climt/include conftest.c >&5
configure:9418: $? = 0
configure:9418: result: yes
configure:9418: checking for strings.h
configure:9418: gcc -c -O2 -fno-tree-vectorize -Wno-incompatible-pointer-types -DNDEBUG -D_FORTIFY_SOURCE=2 -O2 -isystem /home/nishidh/miniconda3/envs/climt/include conftest.c >&5
configure:9418: $? = 0
configure:9418: result: yes
configure:9418: checking for inttypes.h
configure:9418: gcc -c -O2 -fno-tree-vectorize -Wno-incompatible-pointer-types -DNDEBUG -D_FORTIFY_SOURCE=2 -O2 -isystem /home/nishidh/miniconda3/envs/climt/include conftest.c >&5
configure:9418: $? = 0
configure:9418: result: yes
configure:9418: checking for stdint.h
configure:9418: gcc -c -O2 -fno-tree-vectorize -Wno-incompatible-pointer-types -DNDEBUG -D_FORTIFY_SOURCE=2 -O2 -isystem /home/nishidh/miniconda3/envs/climt/include conftest.c >&5
configure:9418: $? = 0
configure:9418: result: yes
configure:9418: checking for unistd.h
configure:9418: gcc -c -O2 -fno-tree-vectorize -Wno-incompatible-pointer-types -DNDEBUG -D_FORTIFY_SOURCE=2 -O2 -isystem /home/nishidh/miniconda3/envs/climt/include conftest.c >&5
configure:9418: $? = 0
configure:9418: result: yes
configure:9432: checking for dlfcn.h
configure:9432: gcc -c -O2 -fno-tree-vectorize -Wno-incompatible-pointer-types -DNDEBUG -D_FORTIFY_SOURCE=2 -O2 -isystem /home/nishidh/miniconda3/envs/climt/include conftest.c >&5
configure:9432: $? = 0
configure:9432: result: yes
configure:9656: checking for objdir
configure:9671: result: .libs
configure:9935: checking if gcc supports -fno-rtti -fno-exceptions
configure:9953: gcc -c -O2 -fno-tree-vectorize -Wno-incompatible-pointer-types -DNDEBUG -D_FORTIFY_SOURCE=2 -O2 -isystem /home/nishidh/miniconda3/envs/climt/include -fno-rtti -fno-exceptions conftest.c >&5
cc1: warning: command line option '-fno-rtti' is valid for C++/D/ObjC++ but not for C
configure:9957: $? = 0
configure:9970: result: no
configure:10328: checking for gcc option to produce PIC
configure:10335: result: -fPIC -DPIC
configure:10343: checking if gcc PIC flag -fPIC -DPIC works
configure:10361: gcc -c -O2 -fno-tree-vectorize -Wno-incompatible-pointer-types -DNDEBUG -D_FORTIFY_SOURCE=2 -O2 -isystem /home/nishidh/miniconda3/envs/climt/include -fPIC -DPIC -DPIC conftest.c >&5
configure:10365: $? = 0
configure:10378: result: yes
configure:10407: checking if gcc static flag -static works
configure:10435: result: yes
configure:10450: checking if gcc supports -c -o file.o
configure:10471: gcc -c -O2 -fno-tree-vectorize -Wno-incompatible-pointer-types -DNDEBUG -D_FORTIFY_SOURCE=2 -O2 -isystem /home/nishidh/miniconda3/envs/climt/include -o out/conftest2.o conftest.c >&5
configure:10475: $? = 0
configure:10497: result: yes
configure:10505: checking if gcc supports -c -o file.o
configure:10552: result: yes
configure:10585: checking whether the gcc linker (ld -m elf_x86_64) supports shared libraries
configure:11848: result: yes
configure:12088: checking dynamic linker characteristics
configure:12669: gcc -o conftest -O2 -fno-tree-vectorize -Wno-incompatible-pointer-types -DNDEBUG -D_FORTIFY_SOURCE=2 -O2 -isystem /home/nishidh/miniconda3/envs/climt/include -Wl,-O2 -Wl,--sort-common -Wl,--as-needed -Wl,-z,relro -Wl,-z,now -Wl,--disable-new-dtags -Wl,--gc-sections -Wl,--allow-shlib-undefined -Wl,-rpath,/home/nishidh/miniconda3/envs/climt/lib -Wl,-rpath-link,/home/nishidh/miniconda3/envs/climt/lib -L/home/nishidh/miniconda3/envs/climt/lib -Wl,-rpath -Wl,/foo conftest.c  >&5
configure:12669: $? = 0
configure:12918: result: GNU/Linux ld.so
configure:13040: checking how to hardcode library paths into programs
configure:13065: result: immediate
configure:13613: checking whether stripping libraries is possible
configure:13635: result: no
configure:13653: checking if libtool supports shared libraries
configure:13655: result: yes
configure:13658: checking whether to build shared libraries
configure:13683: result: no
configure:13686: checking whether to build static libraries
configure:13690: result: yes
configure:10506: checking for ocamlbuild
configure:10536: result: no
configure:12511: checking for ANSI C header files
configure:12615: result: yes
configure:12626: checking libintl.h usability
configure:12626: gcc -c -O2 -fno-tree-vectorize -Wno-incompatible-pointer-types -DNDEBUG -D_FORTIFY_SOURCE=2 -O2 -isystem /home/nishidh/miniconda3/envs/climt/include conftest.c >&5
configure:12626: $? = 0
configure:12626: result: yes
configure:12626: checking libintl.h presence
configure:12626: cpp -DNDEBUG -D_FORTIFY_SOURCE=2 -O2 -isystem /home/nishidh/miniconda3/envs/climt/include conftest.c
configure:12626: $? = 0
configure:12626: result: yes
configure:12626: checking for libintl.h
configure:12626: result: yes
configure:12626: checking malloc.h usability
configure:12626: gcc -c -O2 -fno-tree-vectorize -Wno-incompatible-pointer-types -DNDEBUG -D_FORTIFY_SOURCE=2 -O2 -isystem /home/nishidh/miniconda3/envs/climt/include conftest.c >&5
configure:12626: $? = 0
configure:12626: result: yes
configure:12626: checking malloc.h presence
configure:12626: cpp -DNDEBUG -D_FORTIFY_SOURCE=2 -O2 -isystem /home/nishidh/miniconda3/envs/climt/include conftest.c
configure:12626: $? = 0
configure:12626: result: yes
configure:12626: checking for malloc.h
configure:12626: result: yes
configure:12626: checking stddef.h usability
configure:12626: gcc -c -O2 -fno-tree-vectorize -Wno-incompatible-pointer-types -DNDEBUG -D_FORTIFY_SOURCE=2 -O2 -isystem /home/nishidh/miniconda3/envs/climt/include conftest.c >&5
configure:12626: $? = 0
configure:12626: result: yes
configure:12626: checking stddef.h presence
configure:12626: cpp -DNDEBUG -D_FORTIFY_SOURCE=2 -O2 -isystem /home/nishidh/miniconda3/envs/climt/include conftest.c
configure:12626: $? = 0
configure:12626: result: yes
configure:12626: checking for stddef.h
configure:12626: result: yes
configure:12626: checking for stdlib.h
configure:12626: result: yes
configure:12626: checking for string.h
configure:12626: result: yes
configure:12626: checking for strings.h
configure:12626: result: yes
configure:12626: checking sys/time.h usability
configure:12626: gcc -c -O2 -fno-tree-vectorize -Wno-incompatible-pointer-types -DNDEBUG -D_FORTIFY_SOURCE=2 -O2 -isystem /home/nishidh/miniconda3/envs/climt/include conftest.c >&5
configure:12626: $? = 0
configure:12626: result: yes
configure:12626: checking sys/time.h presence
configure:12626: cpp -DNDEBUG -D_FORTIFY_SOURCE=2 -O2 -isystem /home/nishidh/miniconda3/envs/climt/include conftest.c
configure:12626: $? = 0
configure:12626: result: yes
configure:12626: checking for sys/time.h
configure:12626: result: yes
configure:12626: checking for unistd.h
configure:12626: result: yes
configure:12626: checking limits.h usability
configure:12626: gcc -c -O2 -fno-tree-vectorize -Wno-incompatible-pointer-types -DNDEBUG -D_FORTIFY_SOURCE=2 -O2 -isystem /home/nishidh/miniconda3/envs/climt/include conftest.c >&5
configure:12626: $? = 0
configure:12626: result: yes
configure:12626: checking limits.h presence
configure:12626: cpp -DNDEBUG -D_FORTIFY_SOURCE=2 -O2 -isystem /home/nishidh/miniconda3/envs/climt/include conftest.c
configure:12626: $? = 0
configure:12626: result: yes
configure:12626: checking for limits.h
configure:12626: result: yes
configure:12626: checking c_asm.h usability
configure:12626: gcc -c -O2 -fno-tree-vectorize -Wno-incompatible-pointer-types -DNDEBUG -D_FORTIFY_SOURCE=2 -O2 -isystem /home/nishidh/miniconda3/envs/climt/include conftest.c >&5
conftest.c:67:10: fatal error: c_asm.h: No such file or directory
   67 | #include <c_asm.h>
      |          ^~~~~~~~~
compilation terminated.
configure:12626: $? = 1
configure: failed program was:
| /* confdefs.h */
| #define PACKAGE_NAME "fftw"
| #define PACKAGE_TARNAME "fftw"
| #define PACKAGE_VERSION "3.3.6-pl2"
| #define PACKAGE_STRING "fftw 3.3.6-pl2"
| #define PACKAGE_BUGREPORT "fftw@fftw.org"
| #define PACKAGE_URL ""
| #define PACKAGE "fftw"
| #define VERSION "3.3.6-pl2"
| #define FFTW_ENABLE_ALLOCA 1
| #define STDC_HEADERS 1
| #define HAVE_SYS_TYPES_H 1
| #define HAVE_SYS_STAT_H 1
| #define HAVE_STDLIB_H 1
| #define HAVE_STRING_H 1
| #define HAVE_MEMORY_H 1
| #define HAVE_STRINGS_H 1
| #define HAVE_INTTYPES_H 1
| #define HAVE_STDINT_H 1
| #define HAVE_UNISTD_H 1
| #define HAVE_DLFCN_H 1
| #define LT_OBJDIR ".libs/"
| #define STDC_HEADERS 1
| #define HAVE_LIBINTL_H 1
| #define HAVE_MALLOC_H 1
| #define HAVE_STDDEF_H 1
| #define HAVE_STDLIB_H 1
| #define HAVE_STRING_H 1
| #define HAVE_STRINGS_H 1
| #define HAVE_SYS_TIME_H 1
| #define HAVE_UNISTD_H 1
| #define HAVE_LIMITS_H 1
| /* end confdefs.h.  */
| #include <stdio.h>
| #ifdef HAVE_SYS_TYPES_H
| # include <sys/types.h>
| #endif
| #ifdef HAVE_SYS_STAT_H
| # include <sys/stat.h>
| #endif
| #ifdef STDC_HEADERS
| # include <stdlib.h>
| # include <stddef.h>
| #else
| # ifdef HAVE_STDLIB_H
| #  include <stdlib.h>
| # endif
| #endif
| #ifdef HAVE_STRING_H
| # if !defined STDC_HEADERS && defined HAVE_MEMORY_H
| #  include <memory.h>
| # endif
| # include <string.h>
| #endif
| #ifdef HAVE_STRINGS_H
| # include <strings.h>
| #endif
| #ifdef HAVE_INTTYPES_H
| # include <inttypes.h>
| #endif
| #ifdef HAVE_STDINT_H
| # include <stdint.h>
| #endif
| #ifdef HAVE_UNISTD_H
| # include <unistd.h>
| #endif
| #include <c_asm.h>
configure:12626: result: no
configure:12626: checking c_asm.h presence
configure:12626: cpp -DNDEBUG -D_FORTIFY_SOURCE=2 -O2 -isystem /home/nishidh/miniconda3/envs/climt/include conftest.c
conftest.c:34:10: fatal error: c_asm.h: No such file or directory
   34 | #include <c_asm.h>
      |          ^~~~~~~~~
compilation terminated.
configure:12626: $? = 1
configure: failed program was:
| /* confdefs.h */
| #define PACKAGE_NAME "fftw"
| #define PACKAGE_TARNAME "fftw"
| #define PACKAGE_VERSION "3.3.6-pl2"
| #define PACKAGE_STRING "fftw 3.3.6-pl2"
| #define PACKAGE_BUGREPORT "fftw@fftw.org"
| #define PACKAGE_URL ""
| #define PACKAGE "fftw"
| #define VERSION "3.3.6-pl2"
| #define FFTW_ENABLE_ALLOCA 1
| #define STDC_HEADERS 1
| #define HAVE_SYS_TYPES_H 1
| #define HAVE_SYS_STAT_H 1
| #define HAVE_STDLIB_H 1
| #define HAVE_STRING_H 1
| #define HAVE_MEMORY_H 1
| #define HAVE_STRINGS_H 1
| #define HAVE_INTTYPES_H 1
| #define HAVE_STDINT_H 1
| #define HAVE_UNISTD_H 1
| #define HAVE_DLFCN_H 1
| #define LT_OBJDIR ".libs/"
| #define STDC_HEADERS 1
| #define HAVE_LIBINTL_H 1
| #define HAVE_MALLOC_H 1
| #define HAVE_STDDEF_H 1
| #define HAVE_STDLIB_H 1
| #define HAVE_STRING_H 1
| #define HAVE_STRINGS_H 1
| #define HAVE_SYS_TIME_H 1
| #define HAVE_UNISTD_H 1
| #define HAVE_LIMITS_H 1
| /* end confdefs.h.  */
| #include <c_asm.h>
configure:12626: result: no
configure:12626: checking for c_asm.h
configure:12626: result: no
configure:12626: checking intrinsics.h usability
configure:12626: gcc -c -O2 -fno-tree-vectorize -Wno-incompatible-pointer-types -DNDEBUG -D_FORTIFY_SOURCE=2 -O2 -isystem /home/nishidh/miniconda3/envs/climt/include conftest.c >&5
conftest.c:67:10: fatal error: intrinsics.h: No such file or directory
   67 | #include <intrinsics.h>
      |          ^~~~~~~~~~~~~~
compilation terminated.
configure:12626: $? = 1
configure: failed program was:
| /* confdefs.h */
| #define PACKAGE_NAME "fftw"
| #define PACKAGE_TARNAME "fftw"
| #define PACKAGE_VERSION "3.3.6-pl2"
| #define PACKAGE_STRING "fftw 3.3.6-pl2"
| #define PACKAGE_BUGREPORT "fftw@fftw.org"
| #define PACKAGE_URL ""
| #define PACKAGE "fftw"
| #define VERSION "3.3.6-pl2"
| #define FFTW_ENABLE_ALLOCA 1
| #define STDC_HEADERS 1
| #define HAVE_SYS_TYPES_H 1
| #define HAVE_SYS_STAT_H 1
| #define HAVE_STDLIB_H 1
| #define HAVE_STRING_H 1
| #define HAVE_MEMORY_H 1
| #define HAVE_STRINGS_H 1
| #define HAVE_INTTYPES_H 1
| #define HAVE_STDINT_H 1
| #define HAVE_UNISTD_H 1
| #define HAVE_DLFCN_H 1
| #define LT_OBJDIR ".libs/"
| #define STDC_HEADERS 1
| #define HAVE_LIBINTL_H 1
| #define HAVE_MALLOC_H 1
| #define HAVE_STDDEF_H 1
| #define HAVE_STDLIB_H 1
| #define HAVE_STRING_H 1
| #define HAVE_STRINGS_H 1
| #define HAVE_SYS_TIME_H 1
| #define HAVE_UNISTD_H 1
| #define HAVE_LIMITS_H 1
| /* end confdefs.h.  */
| #include <stdio.h>
| #ifdef HAVE_SYS_TYPES_H
| # include <sys/types.h>
| #endif
| #ifdef HAVE_SYS_STAT_H
| # include <sys/stat.h>
| #endif
| #ifdef STDC_HEADERS
| # include <stdlib.h>
| # include <stddef.h>
| #else
| # ifdef HAVE_STDLIB_H
| #  include <stdlib.h>
| # endif
| #endif
| #ifdef HAVE_STRING_H
| # if !defined STDC_HEADERS && defined HAVE_MEMORY_H
| #  include <memory.h>
| # endif
| # include <string.h>
| #endif
| #ifdef HAVE_STRINGS_H
| # include <strings.h>
| #endif
| #ifdef HAVE_INTTYPES_H
| # include <inttypes.h>
| #endif
| #ifdef HAVE_STDINT_H
| # include <stdint.h>
| #endif
| #ifdef HAVE_UNISTD_H
| # include <unistd.h>
| #endif
| #include <intrinsics.h>
configure:12626: result: no
configure:12626: checking intrinsics.h presence
configure:12626: cpp -DNDEBUG -D_FORTIFY_SOURCE=2 -O2 -isystem /home/nishidh/miniconda3/envs/climt/include conftest.c
conftest.c:34:10: fatal error: intrinsics.h: No such file or directory
   34 | #include <intrinsics.h>
      |          ^~~~~~~~~~~~~~
compilation terminated.
configure:12626: $? = 1
configure: failed program was:
| /* confdefs.h */
| #define PACKAGE_NAME "fftw"
| #define PACKAGE_TARNAME "fftw"
| #define PACKAGE_VERSION "3.3.6-pl2"
| #define PACKAGE_STRING "fftw 3.3.6-pl2"
| #define PACKAGE_BUGREPORT "fftw@fftw.org"
| #define PACKAGE_URL ""
| #define PACKAGE "fftw"
| #define VERSION "3.3.6-pl2"
| #define FFTW_ENABLE_ALLOCA 1
| #define STDC_HEADERS 1
| #define HAVE_SYS_TYPES_H 1
| #define HAVE_SYS_STAT_H 1
| #define HAVE_STDLIB_H 1
| #define HAVE_STRING_H 1
| #define HAVE_MEMORY_H 1
| #define HAVE_STRINGS_H 1
| #define HAVE_INTTYPES_H 1
| #define HAVE_STDINT_H 1
| #define HAVE_UNISTD_H 1
| #define HAVE_DLFCN_H 1
| #define LT_OBJDIR ".libs/"
| #define STDC_HEADERS 1
| #define HAVE_LIBINTL_H 1
| #define HAVE_MALLOC_H 1
| #define HAVE_STDDEF_H 1
| #define HAVE_STDLIB_H 1
| #define HAVE_STRING_H 1
| #define HAVE_STRINGS_H 1
| #define HAVE_SYS_TIME_H 1
| #define HAVE_UNISTD_H 1
| #define HAVE_LIMITS_H 1
| /* end confdefs.h.  */
| #include <intrinsics.h>
configure:12626: result: no
configure:12626: checking for intrinsics.h
configure:12626: result: no
configure:12626: checking for stdint.h
configure:12626: result: yes
configure:12626: checking mach/mach_time.h usability
configure:12626: gcc -c -O2 -fno-tree-vectorize -Wno-incompatible-pointer-types -DNDEBUG -D_FORTIFY_SOURCE=2 -O2 -isystem /home/nishidh/miniconda3/envs/climt/include conftest.c >&5
conftest.c:68:10: fatal error: mach/mach_time.h: No such file or directory
   68 | #include <mach/mach_time.h>
      |          ^~~~~~~~~~~~~~~~~~
compilation terminated.
configure:12626: $? = 1
configure: failed program was:
| /* confdefs.h */
| #define PACKAGE_NAME "fftw"
| #define PACKAGE_TARNAME "fftw"
| #define PACKAGE_VERSION "3.3.6-pl2"
| #define PACKAGE_STRING "fftw 3.3.6-pl2"
| #define PACKAGE_BUGREPORT "fftw@fftw.org"
| #define PACKAGE_URL ""
| #define PACKAGE "fftw"
| #define VERSION "3.3.6-pl2"
| #define FFTW_ENABLE_ALLOCA 1
| #define STDC_HEADERS 1
| #define HAVE_SYS_TYPES_H 1
| #define HAVE_SYS_STAT_H 1
| #define HAVE_STDLIB_H 1
| #define HAVE_STRING_H 1
| #define HAVE_MEMORY_H 1
| #define HAVE_STRINGS_H 1
| #define HAVE_INTTYPES_H 1
| #define HAVE_STDINT_H 1
| #define HAVE_UNISTD_H 1
| #define HAVE_DLFCN_H 1
| #define LT_OBJDIR ".libs/"
| #define STDC_HEADERS 1
| #define HAVE_LIBINTL_H 1
| #define HAVE_MALLOC_H 1
| #define HAVE_STDDEF_H 1
| #define HAVE_STDLIB_H 1
| #define HAVE_STRING_H 1
| #define HAVE_STRINGS_H 1
| #define HAVE_SYS_TIME_H 1
| #define HAVE_UNISTD_H 1
| #define HAVE_LIMITS_H 1
| #define HAVE_STDINT_H 1
| /* end confdefs.h.  */
| #include <stdio.h>
| #ifdef HAVE_SYS_TYPES_H
| # include <sys/types.h>
| #endif
| #ifdef HAVE_SYS_STAT_H
| # include <sys/stat.h>
| #endif
| #ifdef STDC_HEADERS
| # include <stdlib.h>
| # include <stddef.h>
| #else
| # ifdef HAVE_STDLIB_H
| #  include <stdlib.h>
| # endif
| #endif
| #ifdef HAVE_STRING_H
| # if !defined STDC_HEADERS && defined HAVE_MEMORY_H
| #  include <memory.h>
| # endif
| # include <string.h>
| #endif
| #ifdef HAVE_STRINGS_H
| # include <strings.h>
| #endif
| #ifdef HAVE_INTTYPES_H
| # include <inttypes.h>
| #endif
| #ifdef HAVE_STDINT_H
| # include <stdint.h>
| #endif
| #ifdef HAVE_UNISTD_H
| # include <unistd.h>
| #endif
| #include <mach/mach_time.h>
configure:12626: result: no
configure:12626: checking mach/mach_time.h presence
configure:12626: cpp -DNDEBUG -D_FORTIFY_SOURCE=2 -O2 -isystem /home/nishidh/miniconda3/envs/climt/include conftest.c
conftest.c:35:10: fatal error: mach/mach_time.h: No such file or directory
   35 | #include <mach/mach_time.h>
      |          ^~~~~~~~~~~~~~~~~~
compilation terminated.
configure:12626: $? = 1
configure: failed program was:
| /* confdefs.h */
| #define PACKAGE_NAME "fftw"
| #define PACKAGE_TARNAME "fftw"
| #define PACKAGE_VERSION "3.3.6-pl2"
| #define PACKAGE_STRING "fftw 3.3.6-pl2"
| #define PACKAGE_BUGREPORT "fftw@fftw.org"
| #define PACKAGE_URL ""
| #define PACKAGE "fftw"
| #define VERSION "3.3.6-pl2"
| #define FFTW_ENABLE_ALLOCA 1
| #define STDC_HEADERS 1
| #define HAVE_SYS_TYPES_H 1
| #define HAVE_SYS_STAT_H 1
| #define HAVE_STDLIB_H 1
| #define HAVE_STRING_H 1
| #define HAVE_MEMORY_H 1
| #define HAVE_STRINGS_H 1
| #define HAVE_INTTYPES_H 1
| #define HAVE_STDINT_H 1
| #define HAVE_UNISTD_H 1
| #define HAVE_DLFCN_H 1
| #define LT_OBJDIR ".libs/"
| #define STDC_HEADERS 1
| #define HAVE_LIBINTL_H 1
| #define HAVE_MALLOC_H 1
| #define HAVE_STDDEF_H 1
| #define HAVE_STDLIB_H 1
| #define HAVE_STRING_H 1
| #define HAVE_STRINGS_H 1
| #define HAVE_SYS_TIME_H 1
| #define HAVE_UNISTD_H 1
| #define HAVE_LIMITS_H 1
| #define HAVE_STDINT_H 1
| /* end confdefs.h.  */
| #include <mach/mach_time.h>
configure:12626: result: no
configure:12626: checking for mach/mach_time.h
configure:12626: result: no
configure:12626: checking sys/sysctl.h usability
configure:12626: gcc -c -O2 -fno-tree-vectorize -Wno-incompatible-pointer-types -DNDEBUG -D_FORTIFY_SOURCE=2 -O2 -isystem /home/nishidh/miniconda3/envs/climt/include conftest.c >&5
In file included from conftest.c:68:
/usr/include/x86_64-linux-gnu/sys/sysctl.h:21:2: warning: #warning "The <sys/sysctl.h> header is deprecated and will be removed." [-Wcpp]
   21 | #warning "The <sys/sysctl.h> header is deprecated and will be removed."
      |  ^~~~~~~
configure:12626: $? = 0
configure:12626: result: yes
configure:12626: checking sys/sysctl.h presence
configure:12626: cpp -DNDEBUG -D_FORTIFY_SOURCE=2 -O2 -isystem /home/nishidh/miniconda3/envs/climt/include conftest.c
In file included from conftest.c:35:
/usr/include/x86_64-linux-gnu/sys/sysctl.h:21:2: warning: #warning "The <sys/sysctl.h> header is deprecated and will be removed." [-Wcpp]
   21 | #warning "The <sys/sysctl.h> header is deprecated and will be removed."
      |  ^~~~~~~
configure:12626: $? = 0
configure:12626: result: yes
configure:12626: checking for sys/sysctl.h
configure:12626: result: yes
configure:12643: checking altivec.h usability
configure:12643: gcc -c -O2 -fno-tree-vectorize -Wno-incompatible-pointer-types   -DNDEBUG -D_FORTIFY_SOURCE=2 -O2 -isystem /home/nishidh/miniconda3/envs/climt/include   conftest.c >&5
conftest.c:69:10: fatal error: altivec.h: No such file or directory
   69 | #include <altivec.h>
      |          ^~~~~~~~~~~
compilation terminated.
configure:12643: $? = 1
configure: failed program was:
| /* confdefs.h */
| #define PACKAGE_NAME "fftw"
| #define PACKAGE_TARNAME "fftw"
| #define PACKAGE_VERSION "3.3.6-pl2"
| #define PACKAGE_STRING "fftw 3.3.6-pl2"
| #define PACKAGE_BUGREPORT "fftw@fftw.org"
| #define PACKAGE_URL ""
| #define PACKAGE "fftw"
| #define VERSION "3.3.6-pl2"
| #define FFTW_ENABLE_ALLOCA 1
| #define STDC_HEADERS 1
| #define HAVE_SYS_TYPES_H 1
| #define HAVE_SYS_STAT_H 1
| #define HAVE_STDLIB_H 1
| #define HAVE_STRING_H 1
| #define HAVE_MEMORY_H 1
| #define HAVE_STRINGS_H 1
| #define HAVE_INTTYPES_H 1
| #define HAVE_STDINT_H 1
| #define HAVE_UNISTD_H 1
| #define HAVE_DLFCN_H 1
| #define LT_OBJDIR ".libs/"
| #define STDC_HEADERS 1
| #define HAVE_LIBINTL_H 1
| #define HAVE_MALLOC_H 1
| #define HAVE_STDDEF_H 1
| #define HAVE_STDLIB_H 1
| #define HAVE_STRING_H 1
| #define HAVE_STRINGS_H 1
| #define HAVE_SYS_TIME_H 1
| #define HAVE_UNISTD_H 1
| #define HAVE_LIMITS_H 1
| #define HAVE_STDINT_H 1
| #define HAVE_SYS_SYSCTL_H 1
| /* end confdefs.h.  */
| #include <stdio.h>
| #ifdef HAVE_SYS_TYPES_H
| # include <sys/types.h>
| #endif
| #ifdef HAVE_SYS_STAT_H
| # include <sys/stat.h>
| #endif
| #ifdef STDC_HEADERS
| # include <stdlib.h>
| # include <stddef.h>
| #else
| # ifdef HAVE_STDLIB_H
| #  include <stdlib.h>
| # endif
| #endif
| #ifdef HAVE_STRING_H
| # if !defined STDC_HEADERS && defined HAVE_MEMORY_H
| #  include <memory.h>
| # endif
| # include <string.h>
| #endif
| #ifdef HAVE_STRINGS_H
| # include <strings.h>
| #endif
| #ifdef HAVE_INTTYPES_H
| # include <inttypes.h>
| #endif
| #ifdef HAVE_STDINT_H
| # include <stdint.h>
| #endif
| #ifdef HAVE_UNISTD_H
| # include <unistd.h>
| #endif
| #include <altivec.h>
configure:12643: result: no
configure:12643: checking altivec.h presence
configure:12643: cpp -DNDEBUG -D_FORTIFY_SOURCE=2 -O2 -isystem /home/nishidh/miniconda3/envs/climt/include   conftest.c
conftest.c:36:10: fatal error: altivec.h: No such file or directory
   36 | #include <altivec.h>
      |          ^~~~~~~~~~~
compilation terminated.
configure:12643: $? = 1
configure: failed program was:
| /* confdefs.h */
| #define PACKAGE_NAME "fftw"
| #define PACKAGE_TARNAME "fftw"
| #define PACKAGE_VERSION "3.3.6-pl2"
| #define PACKAGE_STRING "fftw 3.3.6-pl2"
| #define PACKAGE_BUGREPORT "fftw@fftw.org"
| #define PACKAGE_URL ""
| #define PACKAGE "fftw"
| #define VERSION "3.3.6-pl2"
| #define FFTW_ENABLE_ALLOCA 1
| #define STDC_HEADERS 1
| #define HAVE_SYS_TYPES_H 1
| #define HAVE_SYS_STAT_H 1
| #define HAVE_STDLIB_H 1
| #define HAVE_STRING_H 1
| #define HAVE_MEMORY_H 1
| #define HAVE_STRINGS_H 1
| #define HAVE_INTTYPES_H 1
| #define HAVE_STDINT_H 1
| #define HAVE_UNISTD_H 1
| #define HAVE_DLFCN_H 1
| #define LT_OBJDIR ".libs/"
| #define STDC_HEADERS 1
| #define HAVE_LIBINTL_H 1
| #define HAVE_MALLOC_H 1
| #define HAVE_STDDEF_H 1
| #define HAVE_STDLIB_H 1
| #define HAVE_STRING_H 1
| #define HAVE_STRINGS_H 1
| #define HAVE_SYS_TIME_H 1
| #define HAVE_UNISTD_H 1
| #define HAVE_LIMITS_H 1
| #define HAVE_STDINT_H 1
| #define HAVE_SYS_SYSCTL_H 1
| /* end confdefs.h.  */
| #include <altivec.h>
configure:12643: result: no
configure:12643: checking for altivec.h
configure:12643: result: no
configure:12656: checking for an ANSI C-conforming const
configure:12722: gcc -c -O2 -fno-tree-vectorize -Wno-incompatible-pointer-types -DNDEBUG -D_FORTIFY_SOURCE=2 -O2 -isystem /home/nishidh/miniconda3/envs/climt/include conftest.c >&5
configure:12722: $? = 0
configure:12729: result: yes
configure:12737: checking for inline
configure:12753: gcc -c -O2 -fno-tree-vectorize -Wno-incompatible-pointer-types -DNDEBUG -D_FORTIFY_SOURCE=2 -O2 -isystem /home/nishidh/miniconda3/envs/climt/include conftest.c >&5
configure:12753: $? = 0
configure:12761: result: inline
configure:12779: checking for size_t
configure:12779: gcc -c -O2 -fno-tree-vectorize -Wno-incompatible-pointer-types -DNDEBUG -D_FORTIFY_SOURCE=2 -O2 -isystem /home/nishidh/miniconda3/envs/climt/include conftest.c >&5
configure:12779: $? = 0
configure:12779: gcc -c -O2 -fno-tree-vectorize -Wno-incompatible-pointer-types -DNDEBUG -D_FORTIFY_SOURCE=2 -O2 -isystem /home/nishidh/miniconda3/envs/climt/include conftest.c >&5
conftest.c: In function 'main':
conftest.c:72:21: error: expected expression before ')' token
   72 | if (sizeof ((size_t)))
      |                     ^
configure:12779: $? = 1
configure: failed program was:
| /* confdefs.h */
| #define PACKAGE_NAME "fftw"
| #define PACKAGE_TARNAME "fftw"
| #define PACKAGE_VERSION "3.3.6-pl2"
| #define PACKAGE_STRING "fftw 3.3.6-pl2"
| #define PACKAGE_BUGREPORT "fftw@fftw.org"
| #define PACKAGE_URL ""
| #define PACKAGE "fftw"
| #define VERSION "3.3.6-pl2"
| #define FFTW_ENABLE_ALLOCA 1
| #define STDC_HEADERS 1
| #define HAVE_SYS_TYPES_H 1
| #define HAVE_SYS_STAT_H 1
| #define HAVE_STDLIB_H 1
| #define HAVE_STRING_H 1
| #define HAVE_MEMORY_H 1
| #define HAVE_STRINGS_H 1
| #define HAVE_INTTYPES_H 1
| #define HAVE_STDINT_H 1
| #define HAVE_UNISTD_H 1
| #define HAVE_DLFCN_H 1
| #define LT_OBJDIR ".libs/"
| #define STDC_HEADERS 1
| #define HAVE_LIBINTL_H 1
| #define HAVE_MALLOC_H 1
| #define HAVE_STDDEF_H 1
| #define HAVE_STDLIB_H 1
| #define HAVE_STRING_H 1
| #define HAVE_STRINGS_H 1
| #define HAVE_SYS_TIME_H 1
| #define HAVE_UNISTD_H 1
| #define HAVE_LIMITS_H 1
| #define HAVE_STDINT_H 1
| #define HAVE_SYS_SYSCTL_H 1
| /* end confdefs.h.  */
| #include <stdio.h>
| #ifdef HAVE_SYS_TYPES_H
| # include <sys/types.h>
| #endif
| #ifdef HAVE_SYS_STAT_H
| # include <sys/stat.h>
| #endif
| #ifdef STDC_HEADERS
| # include <stdlib.h>
| # include <stddef.h>
| #else
| # ifdef HAVE_STDLIB_H
| #  include <stdlib.h>
| # endif
| #endif
| #ifdef HAVE_STRING_H
| # if !defined STDC_HEADERS && defined HAVE_MEMORY_H
| #  include <memory.h>
| # endif
| # include <string.h>
| #endif
| #ifdef HAVE_STRINGS_H
| # include <strings.h>
| #endif
| #ifdef HAVE_INTTYPES_H
| # include <inttypes.h>
| #endif
| #ifdef HAVE_STDINT_H
| # include <stdint.h>
| #endif
| #ifdef HAVE_UNISTD_H
| # include <unistd.h>
| #endif
| int
| main ()
| {
| if (sizeof ((size_t)))
| 	    return 0;
|   ;
|   return 0;
| }
configure:12779: result: yes
configure:12790: checking whether time.h and sys/time.h may both be included
configure:12810: gcc -c -O2 -fno-tree-vectorize -Wno-incompatible-pointer-types -DNDEBUG -D_FORTIFY_SOURCE=2 -O2 -isystem /home/nishidh/miniconda3/envs/climt/include conftest.c >&5
configure:12810: $? = 0
configure:12817: result: yes
configure:12825: checking for long double
configure:12825: gcc -c -O2 -fno-tree-vectorize -Wno-incompatible-pointer-types -DNDEBUG -D_FORTIFY_SOURCE=2 -O2 -isystem /home/nishidh/miniconda3/envs/climt/include conftest.c >&5
configure:12825: $? = 0
configure:12825: gcc -c -O2 -fno-tree-vectorize -Wno-incompatible-pointer-types -DNDEBUG -D_FORTIFY_SOURCE=2 -O2 -isystem /home/nishidh/miniconda3/envs/climt/include conftest.c >&5
conftest.c: In function 'main':
conftest.c:73:26: error: expected expression before ')' token
   73 | if (sizeof ((long double)))
      |                          ^
configure:12825: $? = 1
configure: failed program was:
| /* confdefs.h */
| #define PACKAGE_NAME "fftw"
| #define PACKAGE_TARNAME "fftw"
| #define PACKAGE_VERSION "3.3.6-pl2"
| #define PACKAGE_STRING "fftw 3.3.6-pl2"
| #define PACKAGE_BUGREPORT "fftw@fftw.org"
| #define PACKAGE_URL ""
| #define PACKAGE "fftw"
| #define VERSION "3.3.6-pl2"
| #define FFTW_ENABLE_ALLOCA 1
| #define STDC_HEADERS 1
| #define HAVE_SYS_TYPES_H 1
| #define HAVE_SYS_STAT_H 1
| #define HAVE_STDLIB_H 1
| #define HAVE_STRING_H 1
| #define HAVE_MEMORY_H 1
| #define HAVE_STRINGS_H 1
| #define HAVE_INTTYPES_H 1
| #define HAVE_STDINT_H 1
| #define HAVE_UNISTD_H 1
| #define HAVE_DLFCN_H 1
| #define LT_OBJDIR ".libs/"
| #define STDC_HEADERS 1
| #define HAVE_LIBINTL_H 1
| #define HAVE_MALLOC_H 1
| #define HAVE_STDDEF_H 1
| #define HAVE_STDLIB_H 1
| #define HAVE_STRING_H 1
| #define HAVE_STRINGS_H 1
| #define HAVE_SYS_TIME_H 1
| #define HAVE_UNISTD_H 1
| #define HAVE_LIMITS_H 1
| #define HAVE_STDINT_H 1
| #define HAVE_SYS_SYSCTL_H 1
| #define TIME_WITH_SYS_TIME 1
| /* end confdefs.h.  */
| #include <stdio.h>
| #ifdef HAVE_SYS_TYPES_H
| # include <sys/types.h>
| #endif
| #ifdef HAVE_SYS_STAT_H
| # include <sys/stat.h>
| #endif
| #ifdef STDC_HEADERS
| # include <stdlib.h>
| # include <stddef.h>
| #else
| # ifdef HAVE_STDLIB_H
| #  include <stdlib.h>
| # endif
| #endif
| #ifdef HAVE_STRING_H
| # if !defined STDC_HEADERS && defined HAVE_MEMORY_H
| #  include <memory.h>
| # endif
| # include <string.h>
| #endif
| #ifdef HAVE_STRINGS_H
| # include <strings.h>
| #endif
| #ifdef HAVE_INTTYPES_H
| # include <inttypes.h>
| #endif
| #ifdef HAVE_STDINT_H
| # include <stdint.h>
| #endif
| #ifdef HAVE_UNISTD_H
| # include <unistd.h>
| #endif
| int
| main ()
| {
| if (sizeof ((long double)))
| 	    return 0;
|   ;
|   return 0;
| }
configure:12825: result: yes
configure:12838: checking for hrtime_t
configure:12838: gcc -c -O2 -fno-tree-vectorize -Wno-incompatible-pointer-types -DNDEBUG -D_FORTIFY_SOURCE=2 -O2 -isystem /home/nishidh/miniconda3/envs/climt/include conftest.c >&5
conftest.c: In function 'main':
conftest.c:47:13: error: 'hrtime_t' undeclared (first use in this function); did you mean 'time_t'?
   47 | if (sizeof (hrtime_t))
      |             ^~~~~~~~
      |             time_t
conftest.c:47:13: note: each undeclared identifier is reported only once for each function it appears in
configure:12838: $? = 1
configure: failed program was:
| /* confdefs.h */
| #define PACKAGE_NAME "fftw"
| #define PACKAGE_TARNAME "fftw"
| #define PACKAGE_VERSION "3.3.6-pl2"
| #define PACKAGE_STRING "fftw 3.3.6-pl2"
| #define PACKAGE_BUGREPORT "fftw@fftw.org"
| #define PACKAGE_URL ""
| #define PACKAGE "fftw"
| #define VERSION "3.3.6-pl2"
| #define FFTW_ENABLE_ALLOCA 1
| #define STDC_HEADERS 1
| #define HAVE_SYS_TYPES_H 1
| #define HAVE_SYS_STAT_H 1
| #define HAVE_STDLIB_H 1
| #define HAVE_STRING_H 1
| #define HAVE_MEMORY_H 1
| #define HAVE_STRINGS_H 1
| #define HAVE_INTTYPES_H 1
| #define HAVE_STDINT_H 1
| #define HAVE_UNISTD_H 1
| #define HAVE_DLFCN_H 1
| #define LT_OBJDIR ".libs/"
| #define STDC_HEADERS 1
| #define HAVE_LIBINTL_H 1
| #define HAVE_MALLOC_H 1
| #define HAVE_STDDEF_H 1
| #define HAVE_STDLIB_H 1
| #define HAVE_STRING_H 1
| #define HAVE_STRINGS_H 1
| #define HAVE_SYS_TIME_H 1
| #define HAVE_UNISTD_H 1
| #define HAVE_LIMITS_H 1
| #define HAVE_STDINT_H 1
| #define HAVE_SYS_SYSCTL_H 1
| #define TIME_WITH_SYS_TIME 1
| #define HAVE_LONG_DOUBLE 1
| /* end confdefs.h.  */
| 
| #if HAVE_SYS_TIME_H
| #include <sys/time.h>
| #endif
| 
| 
| int
| main ()
| {
| if (sizeof (hrtime_t))
| 	 return 0;
|   ;
|   return 0;
| }
configure:12838: result: no
configure:12855: checking size of int
configure:12860: gcc -o conftest -O2 -fno-tree-vectorize -Wno-incompatible-pointer-types -DNDEBUG -D_FORTIFY_SOURCE=2 -O2 -isystem /home/nishidh/miniconda3/envs/climt/include -Wl,-O2 -Wl,--sort-common -Wl,--as-needed -Wl,-z,relro -Wl,-z,now -Wl,--disable-new-dtags -Wl,--gc-sections -Wl,--allow-shlib-undefined -Wl,-rpath,/home/nishidh/miniconda3/envs/climt/lib -Wl,-rpath-link,/home/nishidh/miniconda3/envs/climt/lib -L/home/nishidh/miniconda3/envs/climt/lib conftest.c  >&5
configure:12860: $? = 0
configure:12860: ./conftest
configure:12860: $? = 0
configure:12874: result: 4
configure:12888: checking size of unsigned int
configure:12893: gcc -o conftest -O2 -fno-tree-vectorize -Wno-incompatible-pointer-types -DNDEBUG -D_FORTIFY_SOURCE=2 -O2 -isystem /home/nishidh/miniconda3/envs/climt/include -Wl,-O2 -Wl,--sort-common -Wl,--as-needed -Wl,-z,relro -Wl,-z,now -Wl,--disable-new-dtags -Wl,--gc-sections -Wl,--allow-shlib-undefined -Wl,-rpath,/home/nishidh/miniconda3/envs/climt/lib -Wl,-rpath-link,/home/nishidh/miniconda3/envs/climt/lib -L/home/nishidh/miniconda3/envs/climt/lib conftest.c  >&5
configure:12893: $? = 0
configure:12893: ./conftest
configure:12893: $? = 0
configure:12907: result: 4
configure:12921: checking size of long
configure:12926: gcc -o conftest -O2 -fno-tree-vectorize -Wno-incompatible-pointer-types -DNDEBUG -D_FORTIFY_SOURCE=2 -O2 -isystem /home/nishidh/miniconda3/envs/climt/include -Wl,-O2 -Wl,--sort-common -Wl,--as-needed -Wl,-z,relro -Wl,-z,now -Wl,--disable-new-dtags -Wl,--gc-sections -Wl,--allow-shlib-undefined -Wl,-rpath,/home/nishidh/miniconda3/envs/climt/lib -Wl,-rpath-link,/home/nishidh/miniconda3/envs/climt/lib -L/home/nishidh/miniconda3/envs/climt/lib conftest.c  >&5
configure:12926: $? = 0
configure:12926: ./conftest
configure:12926: $? = 0
configure:12940: result: 8
configure:12954: checking size of unsigned long
configure:12959: gcc -o conftest -O2 -fno-tree-vectorize -Wno-incompatible-pointer-types -DNDEBUG -D_FORTIFY_SOURCE=2 -O2 -isystem /home/nishidh/miniconda3/envs/climt/include -Wl,-O2 -Wl,--sort-common -Wl,--as-needed -Wl,-z,relro -Wl,-z,now -Wl,--disable-new-dtags -Wl,--gc-sections -Wl,--allow-shlib-undefined -Wl,-rpath,/home/nishidh/miniconda3/envs/climt/lib -Wl,-rpath-link,/home/nishidh/miniconda3/envs/climt/lib -L/home/nishidh/miniconda3/envs/climt/lib conftest.c  >&5
configure:12959: $? = 0
configure:12959: ./conftest
configure:12959: $? = 0
configure:12973: result: 8
configure:12987: checking size of long long
configure:12992: gcc -o conftest -O2 -fno-tree-vectorize -Wno-incompatible-pointer-types -DNDEBUG -D_FORTIFY_SOURCE=2 -O2 -isystem /home/nishidh/miniconda3/envs/climt/include -Wl,-O2 -Wl,--sort-common -Wl,--as-needed -Wl,-z,relro -Wl,-z,now -Wl,--disable-new-dtags -Wl,--gc-sections -Wl,--allow-shlib-undefined -Wl,-rpath,/home/nishidh/miniconda3/envs/climt/lib -Wl,-rpath-link,/home/nishidh/miniconda3/envs/climt/lib -L/home/nishidh/miniconda3/envs/climt/lib conftest.c  >&5
configure:12992: $? = 0
configure:12992: ./conftest
configure:12992: $? = 0
configure:13006: result: 8
configure:13020: checking size of unsigned long long
configure:13025: gcc -o conftest -O2 -fno-tree-vectorize -Wno-incompatible-pointer-types -DNDEBUG -D_FORTIFY_SOURCE=2 -O2 -isystem /home/nishidh/miniconda3/envs/climt/include -Wl,-O2 -Wl,--sort-common -Wl,--as-needed -Wl,-z,relro -Wl,-z,now -Wl,--disable-new-dtags -Wl,--gc-sections -Wl,--allow-shlib-undefined -Wl,-rpath,/home/nishidh/miniconda3/envs/climt/lib -Wl,-rpath-link,/home/nishidh/miniconda3/envs/climt/lib -L/home/nishidh/miniconda3/envs/climt/lib conftest.c  >&5
configure:13025: $? = 0
configure:13025: ./conftest
configure:13025: $? = 0
configure:13039: result: 8
configure:13053: checking size of size_t
configure:13058: gcc -o conftest -O2 -fno-tree-vectorize -Wno-incompatible-pointer-types -DNDEBUG -D_FORTIFY_SOURCE=2 -O2 -isystem /home/nishidh/miniconda3/envs/climt/include -Wl,-O2 -Wl,--sort-common -Wl,--as-needed -Wl,-z,relro -Wl,-z,now -Wl,--disable-new-dtags -Wl,--gc-sections -Wl,--allow-shlib-undefined -Wl,-rpath,/home/nishidh/miniconda3/envs/climt/lib -Wl,-rpath-link,/home/nishidh/miniconda3/envs/climt/lib -L/home/nishidh/miniconda3/envs/climt/lib conftest.c  >&5
configure:13058: $? = 0
configure:13058: ./conftest
configure:13058: $? = 0
configure:13072: result: 8
configure:13086: checking size of ptrdiff_t
configure:13091: gcc -o conftest -O2 -fno-tree-vectorize -Wno-incompatible-pointer-types -DNDEBUG -D_FORTIFY_SOURCE=2 -O2 -isystem /home/nishidh/miniconda3/envs/climt/include -Wl,-O2 -Wl,--sort-common -Wl,--as-needed -Wl,-z,relro -Wl,-z,now -Wl,--disable-new-dtags -Wl,--gc-sections -Wl,--allow-shlib-undefined -Wl,-rpath,/home/nishidh/miniconda3/envs/climt/lib -Wl,-rpath-link,/home/nishidh/miniconda3/envs/climt/lib -L/home/nishidh/miniconda3/envs/climt/lib conftest.c  >&5
configure:13091: $? = 0
configure:13091: ./conftest
configure:13091: $? = 0
configure:13105: result: 8
configure:13116: checking for uintptr_t
configure:13116: gcc -c -O2 -fno-tree-vectorize -Wno-incompatible-pointer-types -DNDEBUG -D_FORTIFY_SOURCE=2 -O2 -isystem /home/nishidh/miniconda3/envs/climt/include conftest.c >&5
configure:13116: $? = 0
configure:13116: gcc -c -O2 -fno-tree-vectorize -Wno-incompatible-pointer-types -DNDEBUG -D_FORTIFY_SOURCE=2 -O2 -isystem /home/nishidh/miniconda3/envs/climt/include conftest.c >&5
conftest.c: In function 'main':
conftest.c:86:24: error: expected expression before ')' token
   86 | if (sizeof ((uintptr_t)))
      |                        ^
configure:13116: $? = 1
configure: failed program was:
| /* confdefs.h */
| #define PACKAGE_NAME "fftw"
| #define PACKAGE_TARNAME "fftw"
| #define PACKAGE_VERSION "3.3.6-pl2"
| #define PACKAGE_STRING "fftw 3.3.6-pl2"
| #define PACKAGE_BUGREPORT "fftw@fftw.org"
| #define PACKAGE_URL ""
| #define PACKAGE "fftw"
| #define VERSION "3.3.6-pl2"
| #define FFTW_ENABLE_ALLOCA 1
| #define STDC_HEADERS 1
| #define HAVE_SYS_TYPES_H 1
| #define HAVE_SYS_STAT_H 1
| #define HAVE_STDLIB_H 1
| #define HAVE_STRING_H 1
| #define HAVE_MEMORY_H 1
| #define HAVE_STRINGS_H 1
| #define HAVE_INTTYPES_H 1
| #define HAVE_STDINT_H 1
| #define HAVE_UNISTD_H 1
| #define HAVE_DLFCN_H 1
| #define LT_OBJDIR ".libs/"
| #define STDC_HEADERS 1
| #define HAVE_LIBINTL_H 1
| #define HAVE_MALLOC_H 1
| #define HAVE_STDDEF_H 1
| #define HAVE_STDLIB_H 1
| #define HAVE_STRING_H 1
| #define HAVE_STRINGS_H 1
| #define HAVE_SYS_TIME_H 1
| #define HAVE_UNISTD_H 1
| #define HAVE_LIMITS_H 1
| #define HAVE_STDINT_H 1
| #define HAVE_SYS_SYSCTL_H 1
| #define TIME_WITH_SYS_TIME 1
| #define HAVE_LONG_DOUBLE 1
| #define SIZEOF_INT 4
| #define SIZEOF_UNSIGNED_INT 4
| #define SIZEOF_LONG 8
| #define SIZEOF_UNSIGNED_LONG 8
| #define SIZEOF_LONG_LONG 8
| #define SIZEOF_UNSIGNED_LONG_LONG 8
| #define SIZEOF_SIZE_T 8
| #define SIZEOF_PTRDIFF_T 8
| /* end confdefs.h.  */
| #include <stdio.h>
| #ifdef HAVE_SYS_TYPES_H
| # include <sys/types.h>
| #endif
| #ifdef HAVE_SYS_STAT_H
| # include <sys/stat.h>
| #endif
| #ifdef STDC_HEADERS
| # include <stdlib.h>
| # include <stddef.h>
| #else
| # ifdef HAVE_STDLIB_H
| #  include <stdlib.h>
| # endif
| #endif
| #ifdef HAVE_STRING_H
| # if !defined STDC_HEADERS && defined HAVE_MEMORY_H
| #  include <memory.h>
| # endif
| # include <string.h>
| #endif
| #ifdef HAVE_STRINGS_H
| # include <strings.h>
| #endif
| #ifdef HAVE_INTTYPES_H
| # include <inttypes.h>
| #endif
| #ifdef HAVE_STDINT_H
| # include <stdint.h>
| #endif
| #ifdef HAVE_UNISTD_H
| # include <unistd.h>
| #endif
| #ifdef HAVE_STDINT_H
| #  include <stdint.h>
| #endif
| 
| int
| main ()
| {
| if (sizeof ((uintptr_t)))
| 	    return 0;
|   ;
|   return 0;
| }
configure:13116: result: yes
configure:13169: checking size of float
configure:13174: gcc -o conftest -O2 -fno-tree-vectorize -Wno-incompatible-pointer-types -DNDEBUG -D_FORTIFY_SOURCE=2 -O2 -isystem /home/nishidh/miniconda3/envs/climt/include -Wl,-O2 -Wl,--sort-common -Wl,--as-needed -Wl,-z,relro -Wl,-z,now -Wl,--disable-new-dtags -Wl,--gc-sections -Wl,--allow-shlib-undefined -Wl,-rpath,/home/nishidh/miniconda3/envs/climt/lib -Wl,-rpath-link,/home/nishidh/miniconda3/envs/climt/lib -L/home/nishidh/miniconda3/envs/climt/lib conftest.c  >&5
configure:13174: $? = 0
configure:13174: ./conftest
configure:13174: $? = 0
configure:13188: result: 4
configure:13202: checking size of double
configure:13207: gcc -o conftest -O2 -fno-tree-vectorize -Wno-incompatible-pointer-types -DNDEBUG -D_FORTIFY_SOURCE=2 -O2 -isystem /home/nishidh/miniconda3/envs/climt/include -Wl,-O2 -Wl,--sort-common -Wl,--as-needed -Wl,-z,relro -Wl,-z,now -Wl,--disable-new-dtags -Wl,--gc-sections -Wl,--allow-shlib-undefined -Wl,-rpath,/home/nishidh/miniconda3/envs/climt/lib -Wl,-rpath-link,/home/nishidh/miniconda3/envs/climt/lib -L/home/nishidh/miniconda3/envs/climt/lib conftest.c  >&5
configure:13207: $? = 0
configure:13207: ./conftest
configure:13207: $? = 0
configure:13221: result: 8
configure:13236: checking size of fftw_r2r_kind
configure:13241: gcc -o conftest -O2 -fno-tree-vectorize -Wno-incompatible-pointer-types -DNDEBUG -D_FORTIFY_SOURCE=2 -O2 -isystem /home/nishidh/miniconda3/envs/climt/include -Wl,-O2 -Wl,--sort-common -Wl,--as-needed -Wl,-z,relro -Wl,-z,now -Wl,--disable-new-dtags -Wl,--gc-sections -Wl,--allow-shlib-undefined -Wl,-rpath,/home/nishidh/miniconda3/envs/climt/lib -Wl,-rpath-link,/home/nishidh/miniconda3/envs/climt/lib -L/home/nishidh/miniconda3/envs/climt/lib conftest.c  >&5
configure:13241: $? = 0
configure:13241: ./conftest
configure:13241: $? = 0
configure:13260: result: 4
configure:13276: checking for working alloca.h
configure:13293: gcc -o conftest -O2 -fno-tree-vectorize -Wno-incompatible-pointer-types -DNDEBUG -D_FORTIFY_SOURCE=2 -O2 -isystem /home/nishidh/miniconda3/envs/climt/include -Wl,-O2 -Wl,--sort-common -Wl,--as-needed -Wl,-z,relro -Wl,-z,now -Wl,--disable-new-dtags -Wl,--gc-sections -Wl,--allow-shlib-undefined -Wl,-rpath,/home/nishidh/miniconda3/envs/climt/lib -Wl,-rpath-link,/home/nishidh/miniconda3/envs/climt/lib -L/home/nishidh/miniconda3/envs/climt/lib conftest.c  >&5
configure:13293: $? = 0
configure:13301: result: yes
configure:13309: checking for alloca
configure:13346: gcc -o conftest -O2 -fno-tree-vectorize -Wno-incompatible-pointer-types -DNDEBUG -D_FORTIFY_SOURCE=2 -O2 -isystem /home/nishidh/miniconda3/envs/climt/include -Wl,-O2 -Wl,--sort-common -Wl,--as-needed -Wl,-z,relro -Wl,-z,now -Wl,--disable-new-dtags -Wl,--gc-sections -Wl,--allow-shlib-undefined -Wl,-rpath,/home/nishidh/miniconda3/envs/climt/lib -Wl,-rpath-link,/home/nishidh/miniconda3/envs/climt/lib -L/home/nishidh/miniconda3/envs/climt/lib conftest.c  >&5
configure:13346: $? = 0
configure:13354: result: yes
configure:13460: checking for working strtod
configure:13501: gcc -o conftest -O2 -fno-tree-vectorize -Wno-incompatible-pointer-types -DNDEBUG -D_FORTIFY_SOURCE=2 -O2 -isystem /home/nishidh/miniconda3/envs/climt/include -Wl,-O2 -Wl,--sort-common -Wl,--as-needed -Wl,-z,relro -Wl,-z,now -Wl,--disable-new-dtags -Wl,--gc-sections -Wl,--allow-shlib-undefined -Wl,-rpath,/home/nishidh/miniconda3/envs/climt/lib -Wl,-rpath-link,/home/nishidh/miniconda3/envs/climt/lib -L/home/nishidh/miniconda3/envs/climt/lib conftest.c  >&5
configure:13501: $? = 0
configure:13501: ./conftest
configure:13501: $? = 0
configure:13511: result: yes
configure:13575: checking for vprintf
configure:13575: gcc -o conftest -O2 -fno-tree-vectorize -Wno-incompatible-pointer-types -DNDEBUG -D_FORTIFY_SOURCE=2 -O2 -isystem /home/nishidh/miniconda3/envs/climt/include -Wl,-O2 -Wl,--sort-common -Wl,--as-needed -Wl,-z,relro -Wl,-z,now -Wl,--disable-new-dtags -Wl,--gc-sections -Wl,--allow-shlib-undefined -Wl,-rpath,/home/nishidh/miniconda3/envs/climt/lib -Wl,-rpath-link,/home/nishidh/miniconda3/envs/climt/lib -L/home/nishidh/miniconda3/envs/climt/lib conftest.c  >&5
conftest.c:75:6: warning: conflicting types for built-in function 'vprintf'; expected 'int(const char *, __va_list_tag *)' [-Wbuiltin-declaration-mismatch]
   75 | char vprintf ();
      |      ^~~~~~~
conftest.c:63:1: note: 'vprintf' is declared in header '<stdio.h>'
   62 | # include <limits.h>
   63 | #else
configure:13575: $? = 0
configure:13575: result: yes
configure:13581: checking for _doprnt
configure:13581: gcc -o conftest -O2 -fno-tree-vectorize -Wno-incompatible-pointer-types -DNDEBUG -D_FORTIFY_SOURCE=2 -O2 -isystem /home/nishidh/miniconda3/envs/climt/include -Wl,-O2 -Wl,--sort-common -Wl,--as-needed -Wl,-z,relro -Wl,-z,now -Wl,--disable-new-dtags -Wl,--gc-sections -Wl,--allow-shlib-undefined -Wl,-rpath,/home/nishidh/miniconda3/envs/climt/lib -Wl,-rpath-link,/home/nishidh/miniconda3/envs/climt/lib -L/home/nishidh/miniconda3/envs/climt/lib conftest.c  >&5
/usr/bin/ld: /tmp/cctLT67N.o: in function `main':
conftest.c:(.text.startup+0xb): undefined reference to `_doprnt'
collect2: error: ld returned 1 exit status
configure:13581: $? = 1
configure: failed program was:
| /* confdefs.h */
| #define PACKAGE_NAME "fftw"
| #define PACKAGE_TARNAME "fftw"
| #define PACKAGE_VERSION "3.3.6-pl2"
| #define PACKAGE_STRING "fftw 3.3.6-pl2"
| #define PACKAGE_BUGREPORT "fftw@fftw.org"
| #define PACKAGE_URL ""
| #define PACKAGE "fftw"
| #define VERSION "3.3.6-pl2"
| #define FFTW_ENABLE_ALLOCA 1
| #define STDC_HEADERS 1
| #define HAVE_SYS_TYPES_H 1
| #define HAVE_SYS_STAT_H 1
| #define HAVE_STDLIB_H 1
| #define HAVE_STRING_H 1
| #define HAVE_MEMORY_H 1
| #define HAVE_STRINGS_H 1
| #define HAVE_INTTYPES_H 1
| #define HAVE_STDINT_H 1
| #define HAVE_UNISTD_H 1
| #define HAVE_DLFCN_H 1
| #define LT_OBJDIR ".libs/"
| #define STDC_HEADERS 1
| #define HAVE_LIBINTL_H 1
| #define HAVE_MALLOC_H 1
| #define HAVE_STDDEF_H 1
| #define HAVE_STDLIB_H 1
| #define HAVE_STRING_H 1
| #define HAVE_STRINGS_H 1
| #define HAVE_SYS_TIME_H 1
| #define HAVE_UNISTD_H 1
| #define HAVE_LIMITS_H 1
| #define HAVE_STDINT_H 1
| #define HAVE_SYS_SYSCTL_H 1
| #define TIME_WITH_SYS_TIME 1
| #define HAVE_LONG_DOUBLE 1
| #define SIZEOF_INT 4
| #define SIZEOF_UNSIGNED_INT 4
| #define SIZEOF_LONG 8
| #define SIZEOF_UNSIGNED_LONG 8
| #define SIZEOF_LONG_LONG 8
| #define SIZEOF_UNSIGNED_LONG_LONG 8
| #define SIZEOF_SIZE_T 8
| #define SIZEOF_PTRDIFF_T 8
| #define HAVE_UINTPTR_T 1
| #define SIZEOF_FLOAT 4
| #define SIZEOF_DOUBLE 8
| #define SIZEOF_FFTW_R2R_KIND 4
| #define HAVE_ALLOCA_H 1
| #define HAVE_ALLOCA 1
| #define HAVE_VPRINTF 1
| /* end confdefs.h.  */
| /* Define _doprnt to an innocuous variant, in case <limits.h> declares _doprnt.
|    For example, HP-UX 11i <limits.h> declares gettimeofday.  */
| #define _doprnt innocuous__doprnt
| 
| /* System header to define __stub macros and hopefully few prototypes,
|     which can conflict with char _doprnt (); below.
|     Prefer <limits.h> to <assert.h> if __STDC__ is defined, since
|     <limits.h> exists even on freestanding compilers.  */
| 
| #ifdef __STDC__
| # include <limits.h>
| #else
| # include <assert.h>
| #endif
| 
| #undef _doprnt
| 
| /* Override any GCC internal prototype to avoid an error.
|    Use char because int might match the return type of a GCC
|    builtin and then its argument prototype would still apply.  */
| #ifdef __cplusplus
| extern "C"
| #endif
| char _doprnt ();
| /* The GNU C library defines this for functions which it implements
|     to always fail with ENOSYS.  Some functions are actually named
|     something starting with __ and the normal name is an alias.  */
| #if defined __stub__doprnt || defined __stub____doprnt
| choke me
| #endif
| 
| int
| main ()
| {
| return _doprnt ();
|   ;
|   return 0;
| }
configure:13581: result: no
configure:13592: checking for sin in -lm
configure:13617: gcc -o conftest -O2 -fno-tree-vectorize -Wno-incompatible-pointer-types -DNDEBUG -D_FORTIFY_SOURCE=2 -O2 -isystem /home/nishidh/miniconda3/envs/climt/include -Wl,-O2 -Wl,--sort-common -Wl,--as-needed -Wl,-z,relro -Wl,-z,now -Wl,--disable-new-dtags -Wl,--gc-sections -Wl,--allow-shlib-undefined -Wl,-rpath,/home/nishidh/miniconda3/envs/climt/lib -Wl,-rpath-link,/home/nishidh/miniconda3/envs/climt/lib -L/home/nishidh/miniconda3/envs/climt/lib conftest.c -lm   >&5
conftest.c:60:6: warning: conflicting types for built-in function 'sin'; expected 'double(double)' [-Wbuiltin-declaration-mismatch]
   60 | char sin ();
      |      ^~~
conftest.c:1:1: note: 'sin' is declared in header '<math.h>'
    1 | /* confdefs.h */
configure:13617: $? = 0
configure:13626: result: yes
configure:13731: checking for BSDgettimeofday
configure:13731: gcc -o conftest -O2 -fno-tree-vectorize -Wno-incompatible-pointer-types -DNDEBUG -D_FORTIFY_SOURCE=2 -O2 -isystem /home/nishidh/miniconda3/envs/climt/include -Wl,-O2 -Wl,--sort-common -Wl,--as-needed -Wl,-z,relro -Wl,-z,now -Wl,--disable-new-dtags -Wl,--gc-sections -Wl,--allow-shlib-undefined -Wl,-rpath,/home/nishidh/miniconda3/envs/climt/lib -Wl,-rpath-link,/home/nishidh/miniconda3/envs/climt/lib -L/home/nishidh/miniconda3/envs/climt/lib conftest.c -lm  >&5
/usr/bin/ld: /tmp/cckNBB9g.o: in function `main':
conftest.c:(.text.startup+0xb): undefined reference to `BSDgettimeofday'
collect2: error: ld returned 1 exit status
configure:13731: $? = 1
configure: failed program was:
| /* confdefs.h */
| #define PACKAGE_NAME "fftw"
| #define PACKAGE_TARNAME "fftw"
| #define PACKAGE_VERSION "3.3.6-pl2"
| #define PACKAGE_STRING "fftw 3.3.6-pl2"
| #define PACKAGE_BUGREPORT "fftw@fftw.org"
| #define PACKAGE_URL ""
| #define PACKAGE "fftw"
| #define VERSION "3.3.6-pl2"
| #define FFTW_ENABLE_ALLOCA 1
| #define STDC_HEADERS 1
| #define HAVE_SYS_TYPES_H 1
| #define HAVE_SYS_STAT_H 1
| #define HAVE_STDLIB_H 1
| #define HAVE_STRING_H 1
| #define HAVE_MEMORY_H 1
| #define HAVE_STRINGS_H 1
| #define HAVE_INTTYPES_H 1
| #define HAVE_STDINT_H 1
| #define HAVE_UNISTD_H 1
| #define HAVE_DLFCN_H 1
| #define LT_OBJDIR ".libs/"
| #define STDC_HEADERS 1
| #define HAVE_LIBINTL_H 1
| #define HAVE_MALLOC_H 1
| #define HAVE_STDDEF_H 1
| #define HAVE_STDLIB_H 1
| #define HAVE_STRING_H 1
| #define HAVE_STRINGS_H 1
| #define HAVE_SYS_TIME_H 1
| #define HAVE_UNISTD_H 1
| #define HAVE_LIMITS_H 1
| #define HAVE_STDINT_H 1
| #define HAVE_SYS_SYSCTL_H 1
| #define TIME_WITH_SYS_TIME 1
| #define HAVE_LONG_DOUBLE 1
| #define SIZEOF_INT 4
| #define SIZEOF_UNSIGNED_INT 4
| #define SIZEOF_LONG 8
| #define SIZEOF_UNSIGNED_LONG 8
| #define SIZEOF_LONG_LONG 8
| #define SIZEOF_UNSIGNED_LONG_LONG 8
| #define SIZEOF_SIZE_T 8
| #define SIZEOF_PTRDIFF_T 8
| #define HAVE_UINTPTR_T 1
| #define SIZEOF_FLOAT 4
| #define SIZEOF_DOUBLE 8
| #define SIZEOF_FFTW_R2R_KIND 4
| #define HAVE_ALLOCA_H 1
| #define HAVE_ALLOCA 1
| #define HAVE_VPRINTF 1
| #define HAVE_LIBM 1
| /* end confdefs.h.  */
| /* Define BSDgettimeofday to an innocuous variant, in case <limits.h> declares BSDgettimeofday.
|    For example, HP-UX 11i <limits.h> declares gettimeofday.  */
| #define BSDgettimeofday innocuous_BSDgettimeofday
| 
| /* System header to define __stub macros and hopefully few prototypes,
|     which can conflict with char BSDgettimeofday (); below.
|     Prefer <limits.h> to <assert.h> if __STDC__ is defined, since
|     <limits.h> exists even on freestanding compilers.  */
| 
| #ifdef __STDC__
| # include <limits.h>
| #else
| # include <assert.h>
| #endif
| 
| #undef BSDgettimeofday
| 
| /* Override any GCC internal prototype to avoid an error.
|    Use char because int might match the return type of a GCC
|    builtin and then its argument prototype would still apply.  */
| #ifdef __cplusplus
| extern "C"
| #endif
| char BSDgettimeofday ();
| /* The GNU C library defines this for functions which it implements
|     to always fail with ENOSYS.  Some functions are actually named
|     something starting with __ and the normal name is an alias.  */
| #if defined __stub_BSDgettimeofday || defined __stub___BSDgettimeofday
| choke me
| #endif
| 
| int
| main ()
| {
| return BSDgettimeofday ();
|   ;
|   return 0;
| }
configure:13731: result: no
configure:13731: checking for gettimeofday
configure:13731: gcc -o conftest -O2 -fno-tree-vectorize -Wno-incompatible-pointer-types -DNDEBUG -D_FORTIFY_SOURCE=2 -O2 -isystem /home/nishidh/miniconda3/envs/climt/include -Wl,-O2 -Wl,--sort-common -Wl,--as-needed -Wl,-z,relro -Wl,-z,now -Wl,--disable-new-dtags -Wl,--gc-sections -Wl,--allow-shlib-undefined -Wl,-rpath,/home/nishidh/miniconda3/envs/climt/lib -Wl,-rpath-link,/home/nishidh/miniconda3/envs/climt/lib -L/home/nishidh/miniconda3/envs/climt/lib conftest.c -lm  >&5
configure:13731: $? = 0
configure:13731: result: yes
configure:13731: checking for gethrtime
configure:13731: gcc -o conftest -O2 -fno-tree-vectorize -Wno-incompatible-pointer-types -DNDEBUG -D_FORTIFY_SOURCE=2 -O2 -isystem /home/nishidh/miniconda3/envs/climt/include -Wl,-O2 -Wl,--sort-common -Wl,--as-needed -Wl,-z,relro -Wl,-z,now -Wl,--disable-new-dtags -Wl,--gc-sections -Wl,--allow-shlib-undefined -Wl,-rpath,/home/nishidh/miniconda3/envs/climt/lib -Wl,-rpath-link,/home/nishidh/miniconda3/envs/climt/lib -L/home/nishidh/miniconda3/envs/climt/lib conftest.c -lm  >&5
/usr/bin/ld: /tmp/cclKPfto.o: in function `main':
conftest.c:(.text.startup+0xb): undefined reference to `gethrtime'
collect2: error: ld returned 1 exit status
configure:13731: $? = 1
configure: failed program was:
| /* confdefs.h */
| #define PACKAGE_NAME "fftw"
| #define PACKAGE_TARNAME "fftw"
| #define PACKAGE_VERSION "3.3.6-pl2"
| #define PACKAGE_STRING "fftw 3.3.6-pl2"
| #define PACKAGE_BUGREPORT "fftw@fftw.org"
| #define PACKAGE_URL ""
| #define PACKAGE "fftw"
| #define VERSION "3.3.6-pl2"
| #define FFTW_ENABLE_ALLOCA 1
| #define STDC_HEADERS 1
| #define HAVE_SYS_TYPES_H 1
| #define HAVE_SYS_STAT_H 1
| #define HAVE_STDLIB_H 1
| #define HAVE_STRING_H 1
| #define HAVE_MEMORY_H 1
| #define HAVE_STRINGS_H 1
| #define HAVE_INTTYPES_H 1
| #define HAVE_STDINT_H 1
| #define HAVE_UNISTD_H 1
| #define HAVE_DLFCN_H 1
| #define LT_OBJDIR ".libs/"
| #define STDC_HEADERS 1
| #define HAVE_LIBINTL_H 1
| #define HAVE_MALLOC_H 1
| #define HAVE_STDDEF_H 1
| #define HAVE_STDLIB_H 1
| #define HAVE_STRING_H 1
| #define HAVE_STRINGS_H 1
| #define HAVE_SYS_TIME_H 1
| #define HAVE_UNISTD_H 1
| #define HAVE_LIMITS_H 1
| #define HAVE_STDINT_H 1
| #define HAVE_SYS_SYSCTL_H 1
| #define TIME_WITH_SYS_TIME 1
| #define HAVE_LONG_DOUBLE 1
| #define SIZEOF_INT 4
| #define SIZEOF_UNSIGNED_INT 4
| #define SIZEOF_LONG 8
| #define SIZEOF_UNSIGNED_LONG 8
| #define SIZEOF_LONG_LONG 8
| #define SIZEOF_UNSIGNED_LONG_LONG 8
| #define SIZEOF_SIZE_T 8
| #define SIZEOF_PTRDIFF_T 8
| #define HAVE_UINTPTR_T 1
| #define SIZEOF_FLOAT 4
| #define SIZEOF_DOUBLE 8
| #define SIZEOF_FFTW_R2R_KIND 4
| #define HAVE_ALLOCA_H 1
| #define HAVE_ALLOCA 1
| #define HAVE_VPRINTF 1
| #define HAVE_LIBM 1
| #define HAVE_GETTIMEOFDAY 1
| /* end confdefs.h.  */
| /* Define gethrtime to an innocuous variant, in case <limits.h> declares gethrtime.
|    For example, HP-UX 11i <limits.h> declares gettimeofday.  */
| #define gethrtime innocuous_gethrtime
| 
| /* System header to define __stub macros and hopefully few prototypes,
|     which can conflict with char gethrtime (); below.
|     Prefer <limits.h> to <assert.h> if __STDC__ is defined, since
|     <limits.h> exists even on freestanding compilers.  */
| 
| #ifdef __STDC__
| # include <limits.h>
| #else
| # include <assert.h>
| #endif
| 
| #undef gethrtime
| 
| /* Override any GCC internal prototype to avoid an error.
|    Use char because int might match the return type of a GCC
|    builtin and then its argument prototype would still apply.  */
| #ifdef __cplusplus
| extern "C"
| #endif
| char gethrtime ();
| /* The GNU C library defines this for functions which it implements
|     to always fail with ENOSYS.  Some functions are actually named
|     something starting with __ and the normal name is an alias.  */
| #if defined __stub_gethrtime || defined __stub___gethrtime
| choke me
| #endif
| 
| int
| main ()
| {
| return gethrtime ();
|   ;
|   return 0;
| }
configure:13731: result: no
configure:13731: checking for read_real_time
configure:13731: gcc -o conftest -O2 -fno-tree-vectorize -Wno-incompatible-pointer-types -DNDEBUG -D_FORTIFY_SOURCE=2 -O2 -isystem /home/nishidh/miniconda3/envs/climt/include -Wl,-O2 -Wl,--sort-common -Wl,--as-needed -Wl,-z,relro -Wl,-z,now -Wl,--disable-new-dtags -Wl,--gc-sections -Wl,--allow-shlib-undefined -Wl,-rpath,/home/nishidh/miniconda3/envs/climt/lib -Wl,-rpath-link,/home/nishidh/miniconda3/envs/climt/lib -L/home/nishidh/miniconda3/envs/climt/lib conftest.c -lm  >&5
/usr/bin/ld: /tmp/ccYuDoFL.o: in function `main':
conftest.c:(.text.startup+0xb): undefined reference to `read_real_time'
collect2: error: ld returned 1 exit status
configure:13731: $? = 1
configure: failed program was:
| /* confdefs.h */
| #define PACKAGE_NAME "fftw"
| #define PACKAGE_TARNAME "fftw"
| #define PACKAGE_VERSION "3.3.6-pl2"
| #define PACKAGE_STRING "fftw 3.3.6-pl2"
| #define PACKAGE_BUGREPORT "fftw@fftw.org"
| #define PACKAGE_URL ""
| #define PACKAGE "fftw"
| #define VERSION "3.3.6-pl2"
| #define FFTW_ENABLE_ALLOCA 1
| #define STDC_HEADERS 1
| #define HAVE_SYS_TYPES_H 1
| #define HAVE_SYS_STAT_H 1
| #define HAVE_STDLIB_H 1
| #define HAVE_STRING_H 1
| #define HAVE_MEMORY_H 1
| #define HAVE_STRINGS_H 1
| #define HAVE_INTTYPES_H 1
| #define HAVE_STDINT_H 1
| #define HAVE_UNISTD_H 1
| #define HAVE_DLFCN_H 1
| #define LT_OBJDIR ".libs/"
| #define STDC_HEADERS 1
| #define HAVE_LIBINTL_H 1
| #define HAVE_MALLOC_H 1
| #define HAVE_STDDEF_H 1
| #define HAVE_STDLIB_H 1
| #define HAVE_STRING_H 1
| #define HAVE_STRINGS_H 1
| #define HAVE_SYS_TIME_H 1
| #define HAVE_UNISTD_H 1
| #define HAVE_LIMITS_H 1
| #define HAVE_STDINT_H 1
| #define HAVE_SYS_SYSCTL_H 1
| #define TIME_WITH_SYS_TIME 1
| #define HAVE_LONG_DOUBLE 1
| #define SIZEOF_INT 4
| #define SIZEOF_UNSIGNED_INT 4
| #define SIZEOF_LONG 8
| #define SIZEOF_UNSIGNED_LONG 8
| #define SIZEOF_LONG_LONG 8
| #define SIZEOF_UNSIGNED_LONG_LONG 8
| #define SIZEOF_SIZE_T 8
| #define SIZEOF_PTRDIFF_T 8
| #define HAVE_UINTPTR_T 1
| #define SIZEOF_FLOAT 4
| #define SIZEOF_DOUBLE 8
| #define SIZEOF_FFTW_R2R_KIND 4
| #define HAVE_ALLOCA_H 1
| #define HAVE_ALLOCA 1
| #define HAVE_VPRINTF 1
| #define HAVE_LIBM 1
| #define HAVE_GETTIMEOFDAY 1
| /* end confdefs.h.  */
| /* Define read_real_time to an innocuous variant, in case <limits.h> declares read_real_time.
|    For example, HP-UX 11i <limits.h> declares gettimeofday.  */
| #define read_real_time innocuous_read_real_time
| 
| /* System header to define __stub macros and hopefully few prototypes,
|     which can conflict with char read_real_time (); below.
|     Prefer <limits.h> to <assert.h> if __STDC__ is defined, since
|     <limits.h> exists even on freestanding compilers.  */
| 
| #ifdef __STDC__
| # include <limits.h>
| #else
| # include <assert.h>
| #endif
| 
| #undef read_real_time
| 
| /* Override any GCC internal prototype to avoid an error.
|    Use char because int might match the return type of a GCC
|    builtin and then its argument prototype would still apply.  */
| #ifdef __cplusplus
| extern "C"
| #endif
| char read_real_time ();
| /* The GNU C library defines this for functions which it implements
|     to always fail with ENOSYS.  Some functions are actually named
|     something starting with __ and the normal name is an alias.  */
| #if defined __stub_read_real_time || defined __stub___read_real_time
| choke me
| #endif
| 
| int
| main ()
| {
| return read_real_time ();
|   ;
|   return 0;
| }
configure:13731: result: no
configure:13731: checking for time_base_to_time
configure:13731: gcc -o conftest -O2 -fno-tree-vectorize -Wno-incompatible-pointer-types -DNDEBUG -D_FORTIFY_SOURCE=2 -O2 -isystem /home/nishidh/miniconda3/envs/climt/include -Wl,-O2 -Wl,--sort-common -Wl,--as-needed -Wl,-z,relro -Wl,-z,now -Wl,--disable-new-dtags -Wl,--gc-sections -Wl,--allow-shlib-undefined -Wl,-rpath,/home/nishidh/miniconda3/envs/climt/lib -Wl,-rpath-link,/home/nishidh/miniconda3/envs/climt/lib -L/home/nishidh/miniconda3/envs/climt/lib conftest.c -lm  >&5
/usr/bin/ld: /tmp/ccY3CLbo.o: in function `main':
conftest.c:(.text.startup+0xb): undefined reference to `time_base_to_time'
collect2: error: ld returned 1 exit status
configure:13731: $? = 1
configure: failed program was:
| /* confdefs.h */
| #define PACKAGE_NAME "fftw"
| #define PACKAGE_TARNAME "fftw"
| #define PACKAGE_VERSION "3.3.6-pl2"
| #define PACKAGE_STRING "fftw 3.3.6-pl2"
| #define PACKAGE_BUGREPORT "fftw@fftw.org"
| #define PACKAGE_URL ""
| #define PACKAGE "fftw"
| #define VERSION "3.3.6-pl2"
| #define FFTW_ENABLE_ALLOCA 1
| #define STDC_HEADERS 1
| #define HAVE_SYS_TYPES_H 1
| #define HAVE_SYS_STAT_H 1
| #define HAVE_STDLIB_H 1
| #define HAVE_STRING_H 1
| #define HAVE_MEMORY_H 1
| #define HAVE_STRINGS_H 1
| #define HAVE_INTTYPES_H 1
| #define HAVE_STDINT_H 1
| #define HAVE_UNISTD_H 1
| #define HAVE_DLFCN_H 1
| #define LT_OBJDIR ".libs/"
| #define STDC_HEADERS 1
| #define HAVE_LIBINTL_H 1
| #define HAVE_MALLOC_H 1
| #define HAVE_STDDEF_H 1
| #define HAVE_STDLIB_H 1
| #define HAVE_STRING_H 1
| #define HAVE_STRINGS_H 1
| #define HAVE_SYS_TIME_H 1
| #define HAVE_UNISTD_H 1
| #define HAVE_LIMITS_H 1
| #define HAVE_STDINT_H 1
| #define HAVE_SYS_SYSCTL_H 1
| #define TIME_WITH_SYS_TIME 1
| #define HAVE_LONG_DOUBLE 1
| #define SIZEOF_INT 4
| #define SIZEOF_UNSIGNED_INT 4
| #define SIZEOF_LONG 8
| #define SIZEOF_UNSIGNED_LONG 8
| #define SIZEOF_LONG_LONG 8
| #define SIZEOF_UNSIGNED_LONG_LONG 8
| #define SIZEOF_SIZE_T 8
| #define SIZEOF_PTRDIFF_T 8
| #define HAVE_UINTPTR_T 1
| #define SIZEOF_FLOAT 4
| #define SIZEOF_DOUBLE 8
| #define SIZEOF_FFTW_R2R_KIND 4
| #define HAVE_ALLOCA_H 1
| #define HAVE_ALLOCA 1
| #define HAVE_VPRINTF 1
| #define HAVE_LIBM 1
| #define HAVE_GETTIMEOFDAY 1
| /* end confdefs.h.  */
| /* Define time_base_to_time to an innocuous variant, in case <limits.h> declares time_base_to_time.
|    For example, HP-UX 11i <limits.h> declares gettimeofday.  */
| #define time_base_to_time innocuous_time_base_to_time
| 
| /* System header to define __stub macros and hopefully few prototypes,
|     which can conflict with char time_base_to_time (); below.
|     Prefer <limits.h> to <assert.h> if __STDC__ is defined, since
|     <limits.h> exists even on freestanding compilers.  */
| 
| #ifdef __STDC__
| # include <limits.h>
| #else
| # include <assert.h>
| #endif
| 
| #undef time_base_to_time
| 
| /* Override any GCC internal prototype to avoid an error.
|    Use char because int might match the return type of a GCC
|    builtin and then its argument prototype would still apply.  */
| #ifdef __cplusplus
| extern "C"
| #endif
| char time_base_to_time ();
| /* The GNU C library defines this for functions which it implements
|     to always fail with ENOSYS.  Some functions are actually named
|     something starting with __ and the normal name is an alias.  */
| #if defined __stub_time_base_to_time || defined __stub___time_base_to_time
| choke me
| #endif
| 
| int
| main ()
| {
| return time_base_to_time ();
|   ;
|   return 0;
| }
configure:13731: result: no
configure:13731: checking for drand48
configure:13731: gcc -o conftest -O2 -fno-tree-vectorize -Wno-incompatible-pointer-types -DNDEBUG -D_FORTIFY_SOURCE=2 -O2 -isystem /home/nishidh/miniconda3/envs/climt/include -Wl,-O2 -Wl,--sort-common -Wl,--as-needed -Wl,-z,relro -Wl,-z,now -Wl,--disable-new-dtags -Wl,--gc-sections -Wl,--allow-shlib-undefined -Wl,-rpath,/home/nishidh/miniconda3/envs/climt/lib -Wl,-rpath-link,/home/nishidh/miniconda3/envs/climt/lib -L/home/nishidh/miniconda3/envs/climt/lib conftest.c -lm  >&5
configure:13731: $? = 0
configure:13731: result: yes
configure:13731: checking for sqrt
configure:13731: gcc -o conftest -O2 -fno-tree-vectorize -Wno-incompatible-pointer-types -DNDEBUG -D_FORTIFY_SOURCE=2 -O2 -isystem /home/nishidh/miniconda3/envs/climt/include -Wl,-O2 -Wl,--sort-common -Wl,--as-needed -Wl,-z,relro -Wl,-z,now -Wl,--disable-new-dtags -Wl,--gc-sections -Wl,--allow-shlib-undefined -Wl,-rpath,/home/nishidh/miniconda3/envs/climt/lib -Wl,-rpath-link,/home/nishidh/miniconda3/envs/climt/lib -L/home/nishidh/miniconda3/envs/climt/lib conftest.c -lm  >&5
conftest.c:79:6: warning: conflicting types for built-in function 'sqrt'; expected 'double(double)' [-Wbuiltin-declaration-mismatch]
   79 | char sqrt ();
      |      ^~~~
conftest.c:67:1: note: 'sqrt' is declared in header '<math.h>'
   66 | # include <limits.h>
   67 | #else
configure:13731: $? = 0
configure:13731: result: yes
configure:13731: checking for memset
configure:13731: gcc -o conftest -O2 -fno-tree-vectorize -Wno-incompatible-pointer-types -DNDEBUG -D_FORTIFY_SOURCE=2 -O2 -isystem /home/nishidh/miniconda3/envs/climt/include -Wl,-O2 -Wl,--sort-common -Wl,--as-needed -Wl,-z,relro -Wl,-z,now -Wl,--disable-new-dtags -Wl,--gc-sections -Wl,--allow-shlib-undefined -Wl,-rpath,/home/nishidh/miniconda3/envs/climt/lib -Wl,-rpath-link,/home/nishidh/miniconda3/envs/climt/lib -L/home/nishidh/miniconda3/envs/climt/lib conftest.c -lm  >&5
conftest.c:80:6: warning: conflicting types for built-in function 'memset'; expected 'void *(void *, int,  long unsigned int)' [-Wbuiltin-declaration-mismatch]
   80 | char memset ();
      |      ^~~~~~
conftest.c:68:1: note: 'memset' is declared in header '<string.h>'
   67 | # include <limits.h>
   68 | #else
configure:13731: $? = 0
configure:13731: result: yes
configure:13731: checking for posix_memalign
configure:13731: gcc -o conftest -O2 -fno-tree-vectorize -Wno-incompatible-pointer-types -DNDEBUG -D_FORTIFY_SOURCE=2 -O2 -isystem /home/nishidh/miniconda3/envs/climt/include -Wl,-O2 -Wl,--sort-common -Wl,--as-needed -Wl,-z,relro -Wl,-z,now -Wl,--disable-new-dtags -Wl,--gc-sections -Wl,--allow-shlib-undefined -Wl,-rpath,/home/nishidh/miniconda3/envs/climt/lib -Wl,-rpath-link,/home/nishidh/miniconda3/envs/climt/lib -L/home/nishidh/miniconda3/envs/climt/lib conftest.c -lm  >&5
conftest.c:81:6: warning: conflicting types for built-in function 'posix_memalign'; expected 'int(void **, long unsigned int,  long unsigned int)' [-Wbuiltin-declaration-mismatch]
   81 | char posix_memalign ();
      |      ^~~~~~~~~~~~~~
configure:13731: $? = 0
configure:13731: result: yes
configure:13731: checking for memalign
configure:13731: gcc -o conftest -O2 -fno-tree-vectorize -Wno-incompatible-pointer-types -DNDEBUG -D_FORTIFY_SOURCE=2 -O2 -isystem /home/nishidh/miniconda3/envs/climt/include -Wl,-O2 -Wl,--sort-common -Wl,--as-needed -Wl,-z,relro -Wl,-z,now -Wl,--disable-new-dtags -Wl,--gc-sections -Wl,--allow-shlib-undefined -Wl,-rpath,/home/nishidh/miniconda3/envs/climt/lib -Wl,-rpath-link,/home/nishidh/miniconda3/envs/climt/lib -L/home/nishidh/miniconda3/envs/climt/lib conftest.c -lm  >&5
configure:13731: $? = 0
configure:13731: result: yes
configure:13731: checking for _mm_malloc
configure:13731: gcc -o conftest -O2 -fno-tree-vectorize -Wno-incompatible-pointer-types -DNDEBUG -D_FORTIFY_SOURCE=2 -O2 -isystem /home/nishidh/miniconda3/envs/climt/include -Wl,-O2 -Wl,--sort-common -Wl,--as-needed -Wl,-z,relro -Wl,-z,now -Wl,--disable-new-dtags -Wl,--gc-sections -Wl,--allow-shlib-undefined -Wl,-rpath,/home/nishidh/miniconda3/envs/climt/lib -Wl,-rpath-link,/home/nishidh/miniconda3/envs/climt/lib -L/home/nishidh/miniconda3/envs/climt/lib conftest.c -lm  >&5
/usr/bin/ld: /tmp/ccyz4EUN.o: in function `main':
conftest.c:(.text.startup+0xb): undefined reference to `_mm_malloc'
collect2: error: ld returned 1 exit status
configure:13731: $? = 1
configure: failed program was:
| /* confdefs.h */
| #define PACKAGE_NAME "fftw"
| #define PACKAGE_TARNAME "fftw"
| #define PACKAGE_VERSION "3.3.6-pl2"
| #define PACKAGE_STRING "fftw 3.3.6-pl2"
| #define PACKAGE_BUGREPORT "fftw@fftw.org"
| #define PACKAGE_URL ""
| #define PACKAGE "fftw"
| #define VERSION "3.3.6-pl2"
| #define FFTW_ENABLE_ALLOCA 1
| #define STDC_HEADERS 1
| #define HAVE_SYS_TYPES_H 1
| #define HAVE_SYS_STAT_H 1
| #define HAVE_STDLIB_H 1
| #define HAVE_STRING_H 1
| #define HAVE_MEMORY_H 1
| #define HAVE_STRINGS_H 1
| #define HAVE_INTTYPES_H 1
| #define HAVE_STDINT_H 1
| #define HAVE_UNISTD_H 1
| #define HAVE_DLFCN_H 1
| #define LT_OBJDIR ".libs/"
| #define STDC_HEADERS 1
| #define HAVE_LIBINTL_H 1
| #define HAVE_MALLOC_H 1
| #define HAVE_STDDEF_H 1
| #define HAVE_STDLIB_H 1
| #define HAVE_STRING_H 1
| #define HAVE_STRINGS_H 1
| #define HAVE_SYS_TIME_H 1
| #define HAVE_UNISTD_H 1
| #define HAVE_LIMITS_H 1
| #define HAVE_STDINT_H 1
| #define HAVE_SYS_SYSCTL_H 1
| #define TIME_WITH_SYS_TIME 1
| #define HAVE_LONG_DOUBLE 1
| #define SIZEOF_INT 4
| #define SIZEOF_UNSIGNED_INT 4
| #define SIZEOF_LONG 8
| #define SIZEOF_UNSIGNED_LONG 8
| #define SIZEOF_LONG_LONG 8
| #define SIZEOF_UNSIGNED_LONG_LONG 8
| #define SIZEOF_SIZE_T 8
| #define SIZEOF_PTRDIFF_T 8
| #define HAVE_UINTPTR_T 1
| #define SIZEOF_FLOAT 4
| #define SIZEOF_DOUBLE 8
| #define SIZEOF_FFTW_R2R_KIND 4
| #define HAVE_ALLOCA_H 1
| #define HAVE_ALLOCA 1
| #define HAVE_VPRINTF 1
| #define HAVE_LIBM 1
| #define HAVE_GETTIMEOFDAY 1
| #define HAVE_DRAND48 1
| #define HAVE_SQRT 1
| #define HAVE_MEMSET 1
| #define HAVE_POSIX_MEMALIGN 1
| #define HAVE_MEMALIGN 1
| /* end confdefs.h.  */
| /* Define _mm_malloc to an innocuous variant, in case <limits.h> declares _mm_malloc.
|    For example, HP-UX 11i <limits.h> declares gettimeofday.  */
| #define _mm_malloc innocuous__mm_malloc
| 
| /* System header to define __stub macros and hopefully few prototypes,
|     which can conflict with char _mm_malloc (); below.
|     Prefer <limits.h> to <assert.h> if __STDC__ is defined, since
|     <limits.h> exists even on freestanding compilers.  */
| 
| #ifdef __STDC__
| # include <limits.h>
| #else
| # include <assert.h>
| #endif
| 
| #undef _mm_malloc
| 
| /* Override any GCC internal prototype to avoid an error.
|    Use char because int might match the return type of a GCC
|    builtin and then its argument prototype would still apply.  */
| #ifdef __cplusplus
| extern "C"
| #endif
| char _mm_malloc ();
| /* The GNU C library defines this for functions which it implements
|     to always fail with ENOSYS.  Some functions are actually named
|     something starting with __ and the normal name is an alias.  */
| #if defined __stub__mm_malloc || defined __stub____mm_malloc
| choke me
| #endif
| 
| int
| main ()
| {
| return _mm_malloc ();
|   ;
|   return 0;
| }
configure:13731: result: no
configure:13731: checking for _mm_free
configure:13731: gcc -o conftest -O2 -fno-tree-vectorize -Wno-incompatible-pointer-types -DNDEBUG -D_FORTIFY_SOURCE=2 -O2 -isystem /home/nishidh/miniconda3/envs/climt/include -Wl,-O2 -Wl,--sort-common -Wl,--as-needed -Wl,-z,relro -Wl,-z,now -Wl,--disable-new-dtags -Wl,--gc-sections -Wl,--allow-shlib-undefined -Wl,-rpath,/home/nishidh/miniconda3/envs/climt/lib -Wl,-rpath-link,/home/nishidh/miniconda3/envs/climt/lib -L/home/nishidh/miniconda3/envs/climt/lib conftest.c -lm  >&5
/usr/bin/ld: /tmp/cc7ZfMPk.o: in function `main':
conftest.c:(.text.startup+0xb): undefined reference to `_mm_free'
collect2: error: ld returned 1 exit status
configure:13731: $? = 1
configure: failed program was:
| /* confdefs.h */
| #define PACKAGE_NAME "fftw"
| #define PACKAGE_TARNAME "fftw"
| #define PACKAGE_VERSION "3.3.6-pl2"
| #define PACKAGE_STRING "fftw 3.3.6-pl2"
| #define PACKAGE_BUGREPORT "fftw@fftw.org"
| #define PACKAGE_URL ""
| #define PACKAGE "fftw"
| #define VERSION "3.3.6-pl2"
| #define FFTW_ENABLE_ALLOCA 1
| #define STDC_HEADERS 1
| #define HAVE_SYS_TYPES_H 1
| #define HAVE_SYS_STAT_H 1
| #define HAVE_STDLIB_H 1
| #define HAVE_STRING_H 1
| #define HAVE_MEMORY_H 1
| #define HAVE_STRINGS_H 1
| #define HAVE_INTTYPES_H 1
| #define HAVE_STDINT_H 1
| #define HAVE_UNISTD_H 1
| #define HAVE_DLFCN_H 1
| #define LT_OBJDIR ".libs/"
| #define STDC_HEADERS 1
| #define HAVE_LIBINTL_H 1
| #define HAVE_MALLOC_H 1
| #define HAVE_STDDEF_H 1
| #define HAVE_STDLIB_H 1
| #define HAVE_STRING_H 1
| #define HAVE_STRINGS_H 1
| #define HAVE_SYS_TIME_H 1
| #define HAVE_UNISTD_H 1
| #define HAVE_LIMITS_H 1
| #define HAVE_STDINT_H 1
| #define HAVE_SYS_SYSCTL_H 1
| #define TIME_WITH_SYS_TIME 1
| #define HAVE_LONG_DOUBLE 1
| #define SIZEOF_INT 4
| #define SIZEOF_UNSIGNED_INT 4
| #define SIZEOF_LONG 8
| #define SIZEOF_UNSIGNED_LONG 8
| #define SIZEOF_LONG_LONG 8
| #define SIZEOF_UNSIGNED_LONG_LONG 8
| #define SIZEOF_SIZE_T 8
| #define SIZEOF_PTRDIFF_T 8
| #define HAVE_UINTPTR_T 1
| #define SIZEOF_FLOAT 4
| #define SIZEOF_DOUBLE 8
| #define SIZEOF_FFTW_R2R_KIND 4
| #define HAVE_ALLOCA_H 1
| #define HAVE_ALLOCA 1
| #define HAVE_VPRINTF 1
| #define HAVE_LIBM 1
| #define HAVE_GETTIMEOFDAY 1
| #define HAVE_DRAND48 1
| #define HAVE_SQRT 1
| #define HAVE_MEMSET 1
| #define HAVE_POSIX_MEMALIGN 1
| #define HAVE_MEMALIGN 1
| /* end confdefs.h.  */
| /* Define _mm_free to an innocuous variant, in case <limits.h> declares _mm_free.
|    For example, HP-UX 11i <limits.h> declares gettimeofday.  */
| #define _mm_free innocuous__mm_free
| 
| /* System header to define __stub macros and hopefully few prototypes,
|     which can conflict with char _mm_free (); below.
|     Prefer <limits.h> to <assert.h> if __STDC__ is defined, since
|     <limits.h> exists even on freestanding compilers.  */
| 
| #ifdef __STDC__
| # include <limits.h>
| #else
| # include <assert.h>
| #endif
| 
| #undef _mm_free
| 
| /* Override any GCC internal prototype to avoid an error.
|    Use char because int might match the return type of a GCC
|    builtin and then its argument prototype would still apply.  */
| #ifdef __cplusplus
| extern "C"
| #endif
| char _mm_free ();
| /* The GNU C library defines this for functions which it implements
|     to always fail with ENOSYS.  Some functions are actually named
|     something starting with __ and the normal name is an alias.  */
| #if defined __stub__mm_free || defined __stub____mm_free
| choke me
| #endif
| 
| int
| main ()
| {
| return _mm_free ();
|   ;
|   return 0;
| }
configure:13731: result: no
configure:13731: checking for clock_gettime
configure:13731: gcc -o conftest -O2 -fno-tree-vectorize -Wno-incompatible-pointer-types -DNDEBUG -D_FORTIFY_SOURCE=2 -O2 -isystem /home/nishidh/miniconda3/envs/climt/include -Wl,-O2 -Wl,--sort-common -Wl,--as-needed -Wl,-z,relro -Wl,-z,now -Wl,--disable-new-dtags -Wl,--gc-sections -Wl,--allow-shlib-undefined -Wl,-rpath,/home/nishidh/miniconda3/envs/climt/lib -Wl,-rpath-link,/home/nishidh/miniconda3/envs/climt/lib -L/home/nishidh/miniconda3/envs/climt/lib conftest.c -lm  >&5
configure:13731: $? = 0
configure:13731: result: yes
configure:13731: checking for mach_absolute_time
configure:13731: gcc -o conftest -O2 -fno-tree-vectorize -Wno-incompatible-pointer-types -DNDEBUG -D_FORTIFY_SOURCE=2 -O2 -isystem /home/nishidh/miniconda3/envs/climt/include -Wl,-O2 -Wl,--sort-common -Wl,--as-needed -Wl,-z,relro -Wl,-z,now -Wl,--disable-new-dtags -Wl,--gc-sections -Wl,--allow-shlib-undefined -Wl,-rpath,/home/nishidh/miniconda3/envs/climt/lib -Wl,-rpath-link,/home/nishidh/miniconda3/envs/climt/lib -L/home/nishidh/miniconda3/envs/climt/lib conftest.c -lm  >&5
/usr/bin/ld: /tmp/ccqtm0w4.o: in function `main':
conftest.c:(.text.startup+0xb): undefined reference to `mach_absolute_time'
collect2: error: ld returned 1 exit status
configure:13731: $? = 1
configure: failed program was:
| /* confdefs.h */
| #define PACKAGE_NAME "fftw"
| #define PACKAGE_TARNAME "fftw"
| #define PACKAGE_VERSION "3.3.6-pl2"
| #define PACKAGE_STRING "fftw 3.3.6-pl2"
| #define PACKAGE_BUGREPORT "fftw@fftw.org"
| #define PACKAGE_URL ""
| #define PACKAGE "fftw"
| #define VERSION "3.3.6-pl2"
| #define FFTW_ENABLE_ALLOCA 1
| #define STDC_HEADERS 1
| #define HAVE_SYS_TYPES_H 1
| #define HAVE_SYS_STAT_H 1
| #define HAVE_STDLIB_H 1
| #define HAVE_STRING_H 1
| #define HAVE_MEMORY_H 1
| #define HAVE_STRINGS_H 1
| #define HAVE_INTTYPES_H 1
| #define HAVE_STDINT_H 1
| #define HAVE_UNISTD_H 1
| #define HAVE_DLFCN_H 1
| #define LT_OBJDIR ".libs/"
| #define STDC_HEADERS 1
| #define HAVE_LIBINTL_H 1
| #define HAVE_MALLOC_H 1
| #define HAVE_STDDEF_H 1
| #define HAVE_STDLIB_H 1
| #define HAVE_STRING_H 1
| #define HAVE_STRINGS_H 1
| #define HAVE_SYS_TIME_H 1
| #define HAVE_UNISTD_H 1
| #define HAVE_LIMITS_H 1
| #define HAVE_STDINT_H 1
| #define HAVE_SYS_SYSCTL_H 1
| #define TIME_WITH_SYS_TIME 1
| #define HAVE_LONG_DOUBLE 1
| #define SIZEOF_INT 4
| #define SIZEOF_UNSIGNED_INT 4
| #define SIZEOF_LONG 8
| #define SIZEOF_UNSIGNED_LONG 8
| #define SIZEOF_LONG_LONG 8
| #define SIZEOF_UNSIGNED_LONG_LONG 8
| #define SIZEOF_SIZE_T 8
| #define SIZEOF_PTRDIFF_T 8
| #define HAVE_UINTPTR_T 1
| #define SIZEOF_FLOAT 4
| #define SIZEOF_DOUBLE 8
| #define SIZEOF_FFTW_R2R_KIND 4
| #define HAVE_ALLOCA_H 1
| #define HAVE_ALLOCA 1
| #define HAVE_VPRINTF 1
| #define HAVE_LIBM 1
| #define HAVE_GETTIMEOFDAY 1
| #define HAVE_DRAND48 1
| #define HAVE_SQRT 1
| #define HAVE_MEMSET 1
| #define HAVE_POSIX_MEMALIGN 1
| #define HAVE_MEMALIGN 1
| #define HAVE_CLOCK_GETTIME 1
| /* end confdefs.h.  */
| /* Define mach_absolute_time to an innocuous variant, in case <limits.h> declares mach_absolute_time.
|    For example, HP-UX 11i <limits.h> declares gettimeofday.  */
| #define mach_absolute_time innocuous_mach_absolute_time
| 
| /* System header to define __stub macros and hopefully few prototypes,
|     which can conflict with char mach_absolute_time (); below.
|     Prefer <limits.h> to <assert.h> if __STDC__ is defined, since
|     <limits.h> exists even on freestanding compilers.  */
| 
| #ifdef __STDC__
| # include <limits.h>
| #else
| # include <assert.h>
| #endif
| 
| #undef mach_absolute_time
| 
| /* Override any GCC internal prototype to avoid an error.
|    Use char because int might match the return type of a GCC
|    builtin and then its argument prototype would still apply.  */
| #ifdef __cplusplus
| extern "C"
| #endif
| char mach_absolute_time ();
| /* The GNU C library defines this for functions which it implements
|     to always fail with ENOSYS.  Some functions are actually named
|     something starting with __ and the normal name is an alias.  */
| #if defined __stub_mach_absolute_time || defined __stub___mach_absolute_time
| choke me
| #endif
| 
| int
| main ()
| {
| return mach_absolute_time ();
|   ;
|   return 0;
| }
configure:13731: result: no
configure:13731: checking for sysctl
configure:13731: gcc -o conftest -O2 -fno-tree-vectorize -Wno-incompatible-pointer-types -DNDEBUG -D_FORTIFY_SOURCE=2 -O2 -isystem /home/nishidh/miniconda3/envs/climt/include -Wl,-O2 -Wl,--sort-common -Wl,--as-needed -Wl,-z,relro -Wl,-z,now -Wl,--disable-new-dtags -Wl,--gc-sections -Wl,--allow-shlib-undefined -Wl,-rpath,/home/nishidh/miniconda3/envs/climt/lib -Wl,-rpath-link,/home/nishidh/miniconda3/envs/climt/lib -L/home/nishidh/miniconda3/envs/climt/lib conftest.c -lm  >&5
configure:13731: $? = 0
configure:13731: result: yes
configure:13731: checking for abort
configure:13731: gcc -o conftest -O2 -fno-tree-vectorize -Wno-incompatible-pointer-types -DNDEBUG -D_FORTIFY_SOURCE=2 -O2 -isystem /home/nishidh/miniconda3/envs/climt/include -Wl,-O2 -Wl,--sort-common -Wl,--as-needed -Wl,-z,relro -Wl,-z,now -Wl,--disable-new-dtags -Wl,--gc-sections -Wl,--allow-shlib-undefined -Wl,-rpath,/home/nishidh/miniconda3/envs/climt/lib -Wl,-rpath-link,/home/nishidh/miniconda3/envs/climt/lib -L/home/nishidh/miniconda3/envs/climt/lib conftest.c -lm  >&5
conftest.c:85:6: warning: conflicting types for built-in function 'abort'; expected 'void(void)' [-Wbuiltin-declaration-mismatch]
   85 | char abort ();
      |      ^~~~~
conftest.c:73:1: note: 'abort' is declared in header '<stdlib.h>'
   72 | # include <limits.h>
   73 | #else
configure:13731: $? = 0
configure:13731: result: yes
configure:13731: checking for sinl
configure:13731: gcc -o conftest -O2 -fno-tree-vectorize -Wno-incompatible-pointer-types -DNDEBUG -D_FORTIFY_SOURCE=2 -O2 -isystem /home/nishidh/miniconda3/envs/climt/include -Wl,-O2 -Wl,--sort-common -Wl,--as-needed -Wl,-z,relro -Wl,-z,now -Wl,--disable-new-dtags -Wl,--gc-sections -Wl,--allow-shlib-undefined -Wl,-rpath,/home/nishidh/miniconda3/envs/climt/lib -Wl,-rpath-link,/home/nishidh/miniconda3/envs/climt/lib -L/home/nishidh/miniconda3/envs/climt/lib conftest.c -lm  >&5
conftest.c:86:6: warning: conflicting types for built-in function 'sinl'; expected 'long double(long double)' [-Wbuiltin-declaration-mismatch]
   86 | char sinl ();
      |      ^~~~
conftest.c:74:1: note: 'sinl' is declared in header '<math.h>'
   73 | # include <limits.h>
   74 | #else
configure:13731: $? = 0
configure:13731: result: yes
configure:13731: checking for cosl
configure:13731: gcc -o conftest -O2 -fno-tree-vectorize -Wno-incompatible-pointer-types -DNDEBUG -D_FORTIFY_SOURCE=2 -O2 -isystem /home/nishidh/miniconda3/envs/climt/include -Wl,-O2 -Wl,--sort-common -Wl,--as-needed -Wl,-z,relro -Wl,-z,now -Wl,--disable-new-dtags -Wl,--gc-sections -Wl,--allow-shlib-undefined -Wl,-rpath,/home/nishidh/miniconda3/envs/climt/lib -Wl,-rpath-link,/home/nishidh/miniconda3/envs/climt/lib -L/home/nishidh/miniconda3/envs/climt/lib conftest.c -lm  >&5
conftest.c:87:6: warning: conflicting types for built-in function 'cosl'; expected 'long double(long double)' [-Wbuiltin-declaration-mismatch]
   87 | char cosl ();
      |      ^~~~
conftest.c:75:1: note: 'cosl' is declared in header '<math.h>'
   74 | # include <limits.h>
   75 | #else
configure:13731: $? = 0
configure:13731: result: yes
configure:13731: checking for snprintf
configure:13731: gcc -o conftest -O2 -fno-tree-vectorize -Wno-incompatible-pointer-types -DNDEBUG -D_FORTIFY_SOURCE=2 -O2 -isystem /home/nishidh/miniconda3/envs/climt/include -Wl,-O2 -Wl,--sort-common -Wl,--as-needed -Wl,-z,relro -Wl,-z,now -Wl,--disable-new-dtags -Wl,--gc-sections -Wl,--allow-shlib-undefined -Wl,-rpath,/home/nishidh/miniconda3/envs/climt/lib -Wl,-rpath-link,/home/nishidh/miniconda3/envs/climt/lib -L/home/nishidh/miniconda3/envs/climt/lib conftest.c -lm  >&5
conftest.c:88:6: warning: conflicting types for built-in function 'snprintf'; expected 'int(char *, long unsigned int,  const char *, ...)' [-Wbuiltin-declaration-mismatch]
   88 | char snprintf ();
      |      ^~~~~~~~
conftest.c:76:1: note: 'snprintf' is declared in header '<stdio.h>'
   75 | # include <limits.h>
   76 | #else
configure:13731: $? = 0
configure:13731: result: yes
configure:13740: checking whether sinl is declared
configure:13740: gcc -c -O2 -fno-tree-vectorize -Wno-incompatible-pointer-types -DNDEBUG -D_FORTIFY_SOURCE=2 -O2 -isystem /home/nishidh/miniconda3/envs/climt/include conftest.c >&5
configure:13740: $? = 0
configure:13740: result: yes
configure:13751: checking whether cosl is declared
configure:13751: gcc -c -O2 -fno-tree-vectorize -Wno-incompatible-pointer-types -DNDEBUG -D_FORTIFY_SOURCE=2 -O2 -isystem /home/nishidh/miniconda3/envs/climt/include conftest.c >&5
configure:13751: $? = 0
configure:13751: result: yes
configure:13762: checking whether sinq is declared
configure:13762: gcc -c -O2 -fno-tree-vectorize -Wno-incompatible-pointer-types -DNDEBUG -D_FORTIFY_SOURCE=2 -O2 -isystem /home/nishidh/miniconda3/envs/climt/include conftest.c >&5
conftest.c: In function 'main':
conftest.c:77:10: error: 'sinq' undeclared (first use in this function); did you mean 'sinl'?
   77 |   (void) sinq;
      |          ^~~~
      |          sinl
conftest.c:77:10: note: each undeclared identifier is reported only once for each function it appears in
configure:13762: $? = 1
configure: failed program was:
| /* confdefs.h */
| #define PACKAGE_NAME "fftw"
| #define PACKAGE_TARNAME "fftw"
| #define PACKAGE_VERSION "3.3.6-pl2"
| #define PACKAGE_STRING "fftw 3.3.6-pl2"
| #define PACKAGE_BUGREPORT "fftw@fftw.org"
| #define PACKAGE_URL ""
| #define PACKAGE "fftw"
| #define VERSION "3.3.6-pl2"
| #define FFTW_ENABLE_ALLOCA 1
| #define STDC_HEADERS 1
| #define HAVE_SYS_TYPES_H 1
| #define HAVE_SYS_STAT_H 1
| #define HAVE_STDLIB_H 1
| #define HAVE_STRING_H 1
| #define HAVE_MEMORY_H 1
| #define HAVE_STRINGS_H 1
| #define HAVE_INTTYPES_H 1
| #define HAVE_STDINT_H 1
| #define HAVE_UNISTD_H 1
| #define HAVE_DLFCN_H 1
| #define LT_OBJDIR ".libs/"
| #define STDC_HEADERS 1
| #define HAVE_LIBINTL_H 1
| #define HAVE_MALLOC_H 1
| #define HAVE_STDDEF_H 1
| #define HAVE_STDLIB_H 1
| #define HAVE_STRING_H 1
| #define HAVE_STRINGS_H 1
| #define HAVE_SYS_TIME_H 1
| #define HAVE_UNISTD_H 1
| #define HAVE_LIMITS_H 1
| #define HAVE_STDINT_H 1
| #define HAVE_SYS_SYSCTL_H 1
| #define TIME_WITH_SYS_TIME 1
| #define HAVE_LONG_DOUBLE 1
| #define SIZEOF_INT 4
| #define SIZEOF_UNSIGNED_INT 4
| #define SIZEOF_LONG 8
| #define SIZEOF_UNSIGNED_LONG 8
| #define SIZEOF_LONG_LONG 8
| #define SIZEOF_UNSIGNED_LONG_LONG 8
| #define SIZEOF_SIZE_T 8
| #define SIZEOF_PTRDIFF_T 8
| #define HAVE_UINTPTR_T 1
| #define SIZEOF_FLOAT 4
| #define SIZEOF_DOUBLE 8
| #define SIZEOF_FFTW_R2R_KIND 4
| #define HAVE_ALLOCA_H 1
| #define HAVE_ALLOCA 1
| #define HAVE_VPRINTF 1
| #define HAVE_LIBM 1
| #define HAVE_GETTIMEOFDAY 1
| #define HAVE_DRAND48 1
| #define HAVE_SQRT 1
| #define HAVE_MEMSET 1
| #define HAVE_POSIX_MEMALIGN 1
| #define HAVE_MEMALIGN 1
| #define HAVE_CLOCK_GETTIME 1
| #define HAVE_SYSCTL 1
| #define HAVE_ABORT 1
| #define HAVE_SINL 1
| #define HAVE_COSL 1
| #define HAVE_SNPRINTF 1
| #define HAVE_DECL_SINL 1
| #define HAVE_DECL_COSL 1
| /* end confdefs.h.  */
| #include <math.h>
| 
| int
| main ()
| {
| #ifndef sinq
| #ifdef __cplusplus
|   (void) sinq;
| #else
|   (void) sinq;
| #endif
| #endif
| 
|   ;
|   return 0;
| }
configure:13762: result: no
configure:13773: checking whether cosq is declared
configure:13773: gcc -c -O2 -fno-tree-vectorize -Wno-incompatible-pointer-types -DNDEBUG -D_FORTIFY_SOURCE=2 -O2 -isystem /home/nishidh/miniconda3/envs/climt/include conftest.c >&5
conftest.c: In function 'main':
conftest.c:78:10: error: 'cosq' undeclared (first use in this function); did you mean 'cosl'?
   78 |   (void) cosq;
      |          ^~~~
      |          cosl
conftest.c:78:10: note: each undeclared identifier is reported only once for each function it appears in
configure:13773: $? = 1
configure: failed program was:
| /* confdefs.h */
| #define PACKAGE_NAME "fftw"
| #define PACKAGE_TARNAME "fftw"
| #define PACKAGE_VERSION "3.3.6-pl2"
| #define PACKAGE_STRING "fftw 3.3.6-pl2"
| #define PACKAGE_BUGREPORT "fftw@fftw.org"
| #define PACKAGE_URL ""
| #define PACKAGE "fftw"
| #define VERSION "3.3.6-pl2"
| #define FFTW_ENABLE_ALLOCA 1
| #define STDC_HEADERS 1
| #define HAVE_SYS_TYPES_H 1
| #define HAVE_SYS_STAT_H 1
| #define HAVE_STDLIB_H 1
| #define HAVE_STRING_H 1
| #define HAVE_MEMORY_H 1
| #define HAVE_STRINGS_H 1
| #define HAVE_INTTYPES_H 1
| #define HAVE_STDINT_H 1
| #define HAVE_UNISTD_H 1
| #define HAVE_DLFCN_H 1
| #define LT_OBJDIR ".libs/"
| #define STDC_HEADERS 1
| #define HAVE_LIBINTL_H 1
| #define HAVE_MALLOC_H 1
| #define HAVE_STDDEF_H 1
| #define HAVE_STDLIB_H 1
| #define HAVE_STRING_H 1
| #define HAVE_STRINGS_H 1
| #define HAVE_SYS_TIME_H 1
| #define HAVE_UNISTD_H 1
| #define HAVE_LIMITS_H 1
| #define HAVE_STDINT_H 1
| #define HAVE_SYS_SYSCTL_H 1
| #define TIME_WITH_SYS_TIME 1
| #define HAVE_LONG_DOUBLE 1
| #define SIZEOF_INT 4
| #define SIZEOF_UNSIGNED_INT 4
| #define SIZEOF_LONG 8
| #define SIZEOF_UNSIGNED_LONG 8
| #define SIZEOF_LONG_LONG 8
| #define SIZEOF_UNSIGNED_LONG_LONG 8
| #define SIZEOF_SIZE_T 8
| #define SIZEOF_PTRDIFF_T 8
| #define HAVE_UINTPTR_T 1
| #define SIZEOF_FLOAT 4
| #define SIZEOF_DOUBLE 8
| #define SIZEOF_FFTW_R2R_KIND 4
| #define HAVE_ALLOCA_H 1
| #define HAVE_ALLOCA 1
| #define HAVE_VPRINTF 1
| #define HAVE_LIBM 1
| #define HAVE_GETTIMEOFDAY 1
| #define HAVE_DRAND48 1
| #define HAVE_SQRT 1
| #define HAVE_MEMSET 1
| #define HAVE_POSIX_MEMALIGN 1
| #define HAVE_MEMALIGN 1
| #define HAVE_CLOCK_GETTIME 1
| #define HAVE_SYSCTL 1
| #define HAVE_ABORT 1
| #define HAVE_SINL 1
| #define HAVE_COSL 1
| #define HAVE_SNPRINTF 1
| #define HAVE_DECL_SINL 1
| #define HAVE_DECL_COSL 1
| #define HAVE_DECL_SINQ 0
| /* end confdefs.h.  */
| #include <math.h>
| 
| int
| main ()
| {
| #ifndef cosq
| #ifdef __cplusplus
|   (void) cosq;
| #else
|   (void) cosq;
| #endif
| #endif
| 
|   ;
|   return 0;
| }
configure:13773: result: no
configure:13785: checking whether memalign is declared
configure:13785: gcc -c -O2 -fno-tree-vectorize -Wno-incompatible-pointer-types -DNDEBUG -D_FORTIFY_SOURCE=2 -O2 -isystem /home/nishidh/miniconda3/envs/climt/include conftest.c >&5
configure:13785: $? = 0
configure:13785: result: yes
configure:13800: checking whether drand48 is declared
configure:13800: gcc -c -O2 -fno-tree-vectorize -Wno-incompatible-pointer-types -DNDEBUG -D_FORTIFY_SOURCE=2 -O2 -isystem /home/nishidh/miniconda3/envs/climt/include conftest.c >&5
configure:13800: $? = 0
configure:13800: result: yes
configure:13810: checking whether srand48 is declared
configure:13810: gcc -c -O2 -fno-tree-vectorize -Wno-incompatible-pointer-types -DNDEBUG -D_FORTIFY_SOURCE=2 -O2 -isystem /home/nishidh/miniconda3/envs/climt/include conftest.c >&5
configure:13810: $? = 0
configure:13810: result: yes
configure:13820: checking whether posix_memalign is declared
configure:13820: gcc -c -O2 -fno-tree-vectorize -Wno-incompatible-pointer-types -DNDEBUG -D_FORTIFY_SOURCE=2 -O2 -isystem /home/nishidh/miniconda3/envs/climt/include conftest.c >&5
configure:13820: $? = 0
configure:13820: result: yes
configure:13831: checking for _rtc intrinsic
configure:13847: gcc -o conftest -O2 -fno-tree-vectorize -Wno-incompatible-pointer-types -DNDEBUG -D_FORTIFY_SOURCE=2 -O2 -isystem /home/nishidh/miniconda3/envs/climt/include -Wl,-O2 -Wl,--sort-common -Wl,--as-needed -Wl,-z,relro -Wl,-z,now -Wl,--disable-new-dtags -Wl,--gc-sections -Wl,--allow-shlib-undefined -Wl,-rpath,/home/nishidh/miniconda3/envs/climt/lib -Wl,-rpath-link,/home/nishidh/miniconda3/envs/climt/lib -L/home/nishidh/miniconda3/envs/climt/lib conftest.c -lm  >&5
conftest.c: In function 'main':
conftest.c:80:1: warning: implicit declaration of function '_rtc' [-Wimplicit-function-declaration]
   80 | _rtc()
      | ^~~~
/usr/bin/ld: /tmp/ccnTG1Zr.o: in function `main':
conftest.c:(.text.startup+0xb): undefined reference to `_rtc'
collect2: error: ld returned 1 exit status
configure:13847: $? = 1
configure: failed program was:
| /* confdefs.h */
| #define PACKAGE_NAME "fftw"
| #define PACKAGE_TARNAME "fftw"
| #define PACKAGE_VERSION "3.3.6-pl2"
| #define PACKAGE_STRING "fftw 3.3.6-pl2"
| #define PACKAGE_BUGREPORT "fftw@fftw.org"
| #define PACKAGE_URL ""
| #define PACKAGE "fftw"
| #define VERSION "3.3.6-pl2"
| #define FFTW_ENABLE_ALLOCA 1
| #define STDC_HEADERS 1
| #define HAVE_SYS_TYPES_H 1
| #define HAVE_SYS_STAT_H 1
| #define HAVE_STDLIB_H 1
| #define HAVE_STRING_H 1
| #define HAVE_MEMORY_H 1
| #define HAVE_STRINGS_H 1
| #define HAVE_INTTYPES_H 1
| #define HAVE_STDINT_H 1
| #define HAVE_UNISTD_H 1
| #define HAVE_DLFCN_H 1
| #define LT_OBJDIR ".libs/"
| #define STDC_HEADERS 1
| #define HAVE_LIBINTL_H 1
| #define HAVE_MALLOC_H 1
| #define HAVE_STDDEF_H 1
| #define HAVE_STDLIB_H 1
| #define HAVE_STRING_H 1
| #define HAVE_STRINGS_H 1
| #define HAVE_SYS_TIME_H 1
| #define HAVE_UNISTD_H 1
| #define HAVE_LIMITS_H 1
| #define HAVE_STDINT_H 1
| #define HAVE_SYS_SYSCTL_H 1
| #define TIME_WITH_SYS_TIME 1
| #define HAVE_LONG_DOUBLE 1
| #define SIZEOF_INT 4
| #define SIZEOF_UNSIGNED_INT 4
| #define SIZEOF_LONG 8
| #define SIZEOF_UNSIGNED_LONG 8
| #define SIZEOF_LONG_LONG 8
| #define SIZEOF_UNSIGNED_LONG_LONG 8
| #define SIZEOF_SIZE_T 8
| #define SIZEOF_PTRDIFF_T 8
| #define HAVE_UINTPTR_T 1
| #define SIZEOF_FLOAT 4
| #define SIZEOF_DOUBLE 8
| #define SIZEOF_FFTW_R2R_KIND 4
| #define HAVE_ALLOCA_H 1
| #define HAVE_ALLOCA 1
| #define HAVE_VPRINTF 1
| #define HAVE_LIBM 1
| #define HAVE_GETTIMEOFDAY 1
| #define HAVE_DRAND48 1
| #define HAVE_SQRT 1
| #define HAVE_MEMSET 1
| #define HAVE_POSIX_MEMALIGN 1
| #define HAVE_MEMALIGN 1
| #define HAVE_CLOCK_GETTIME 1
| #define HAVE_SYSCTL 1
| #define HAVE_ABORT 1
| #define HAVE_SINL 1
| #define HAVE_COSL 1
| #define HAVE_SNPRINTF 1
| #define HAVE_DECL_SINL 1
| #define HAVE_DECL_COSL 1
| #define HAVE_DECL_SINQ 0
| #define HAVE_DECL_COSQ 0
| #define HAVE_DECL_MEMALIGN 1
| #define HAVE_DECL_DRAND48 1
| #define HAVE_DECL_SRAND48 1
| #define HAVE_DECL_POSIX_MEMALIGN 1
| /* end confdefs.h.  */
| #ifdef HAVE_INTRINSICS_H
| #include <intrinsics.h>
| #endif
| int
| main ()
| {
| _rtc()
|   ;
|   return 0;
| }
configure:13856: result: no
configure:13876: checking for isnan
configure:13890: gcc -o conftest -O2 -fno-tree-vectorize -Wno-incompatible-pointer-types -DNDEBUG -D_FORTIFY_SOURCE=2 -O2 -isystem /home/nishidh/miniconda3/envs/climt/include -Wl,-O2 -Wl,--sort-common -Wl,--as-needed -Wl,-z,relro -Wl,-z,now -Wl,--disable-new-dtags -Wl,--gc-sections -Wl,--allow-shlib-undefined -Wl,-rpath,/home/nishidh/miniconda3/envs/climt/lib -Wl,-rpath-link,/home/nishidh/miniconda3/envs/climt/lib -L/home/nishidh/miniconda3/envs/climt/lib conftest.c -lm  >&5
configure:13890: $? = 0
configure:13902: result: yes
configure:13909: checking whether C compiler accepts -mpreferred-stack-boundary=4
configure:13928: gcc -c -mpreferred-stack-boundary=4 -DNDEBUG -D_FORTIFY_SOURCE=2 -O2 -isystem /home/nishidh/miniconda3/envs/climt/include conftest.c >&5
configure:13928: $? = 0
configure:13938: result: yes
configure:13942: checking whether the stack is at least 8-byte aligned by gcc
configure:13946: checking whether C compiler accepts -malign-double
configure:13965: gcc -c -malign-double -DNDEBUG -D_FORTIFY_SOURCE=2 -O2 -isystem /home/nishidh/miniconda3/envs/climt/include conftest.c >&5
configure:13965: $? = 0
configure:13975: result: yes
configure:14037: gcc -o conftest -O -malign-double -DNDEBUG -D_FORTIFY_SOURCE=2 -O2 -isystem /home/nishidh/miniconda3/envs/climt/include -Wl,-O2 -Wl,--sort-common -Wl,--as-needed -Wl,-z,relro -Wl,-z,now -Wl,--disable-new-dtags -Wl,--gc-sections -Wl,--allow-shlib-undefined -Wl,-rpath,/home/nishidh/miniconda3/envs/climt/lib -Wl,-rpath-link,/home/nishidh/miniconda3/envs/climt/lib -L/home/nishidh/miniconda3/envs/climt/lib conftest.c -lm  >&5
configure:14037: $? = 0
configure:14037: ./conftest
configure:14037: $? = 0
configure:14047: result: yes
configure:14156: checking for x86_64-conda-linux-gnu-g77
configure:14183: result: gfortran
configure:14253: checking for Fortran 77 compiler version
configure:14262: gfortran --version >&5
GNU Fortran (Ubuntu 9.4.0-1ubuntu1~20.04.2) 9.4.0
Copyright (C) 2019 Free Software Foundation, Inc.
This is free software; see the source for copying conditions.  There is NO
warranty; not even for MERCHANTABILITY or FITNESS FOR A PARTICULAR PURPOSE.

configure:14273: $? = 0
configure:14262: gfortran -v >&5
Using built-in specs.
COLLECT_GCC=gfortran
COLLECT_LTO_WRAPPER=/usr/lib/gcc/x86_64-linux-gnu/9/lto-wrapper
OFFLOAD_TARGET_NAMES=nvptx-none:hsa
OFFLOAD_TARGET_DEFAULT=1
Target: x86_64-linux-gnu
Configured with: ../src/configure -v --with-pkgversion='Ubuntu 9.4.0-1ubuntu1~20.04.2' --with-bugurl=file:///usr/share/doc/gcc-9/README.Bugs --enable-languages=c,ada,c++,go,brig,d,fortran,objc,obj-c++,gm2 --prefix=/usr --with-gcc-major-version-only --program-suffix=-9 --program-prefix=x86_64-linux-gnu- --enable-shared --enable-linker-build-id --libexecdir=/usr/lib --without-included-gettext --enable-threads=posix --libdir=/usr/lib --enable-nls --enable-clocale=gnu --enable-libstdcxx-debug --enable-libstdcxx-time=yes --with-default-libstdcxx-abi=new --enable-gnu-unique-object --disable-vtable-verify --enable-plugin --enable-default-pie --with-system-zlib --with-target-system-zlib=auto --enable-objc-gc=auto --enable-multiarch --disable-werror --with-arch-32=i686 --with-abi=m64 --with-multilib-list=m32,m64,mx32 --enable-multilib --with-tune=generic --enable-offload-targets=nvptx-none=/build/gcc-9-9QDOt0/gcc-9-9.4.0/debian/tmp-nvptx/usr,hsa --without-cuda-driver --enable-checking=release --build=x86_64-linux-gnu --host=x86_64-linux-gnu --target=x86_64-linux-gnu
Thread model: posix
gcc version 9.4.0 (Ubuntu 9.4.0-1ubuntu1~20.04.2) 
configure:14273: $? = 0
configure:14262: gfortran -V >&5
gfortran: error: unrecognized command line option '-V'
gfortran: fatal error: no input files
compilation terminated.
configure:14273: $? = 1
configure:14262: gfortran -qversion >&5
gfortran: error: unrecognized command line option '-qversion'; did you mean '--version'?
gfortran: fatal error: no input files
compilation terminated.
configure:14273: $? = 1
configure:14282: checking whether we are using the GNU Fortran 77 compiler
configure:14295: gfortran -c -O2 -fno-tree-vectorize conftest.F >&5
configure:14295: $? = 0
configure:14304: result: yes
configure:14310: checking whether gfortran accepts -g
configure:14321: gfortran -c -g conftest.f >&5
configure:14321: $? = 0
configure:14329: result: yes
configure:14458: checking if libtool supports shared libraries
configure:14460: result: yes
configure:14463: checking whether to build shared libraries
configure:14487: result: no
configure:14490: checking whether to build static libraries
configure:14494: result: yes
configure:14846: checking for gfortran option to produce PIC
configure:14853: result: -fPIC
configure:14861: checking if gfortran PIC flag -fPIC works
configure:14879: gfortran -c -O2 -fno-tree-vectorize -fPIC conftest.f >&5
configure:14883: $? = 0
configure:14896: result: yes
configure:14919: checking if gfortran static flag -static works
configure:14947: result: yes
configure:14959: checking if gfortran supports -c -o file.o
configure:14980: gfortran -c -O2 -fno-tree-vectorize -o out/conftest2.o conftest.f >&5
configure:14984: $? = 0
configure:15006: result: yes
configure:15011: checking if gfortran supports -c -o file.o
configure:15058: result: yes
configure:15088: checking whether the gfortran linker (ld -m elf_x86_64) supports shared libraries
configure:16301: result: yes
configure:16442: checking dynamic linker characteristics
configure:17193: result: GNU/Linux ld.so
configure:17258: checking how to hardcode library paths into programs
configure:17283: result: immediate
configure:17325: checking how to get verbose linking output from gfortran
configure:17335: gfortran -c -O2 -fno-tree-vectorize conftest.f >&5
configure:17335: $? = 0
configure:17353: gfortran -o conftest -O2 -fno-tree-vectorize -v -Wl,-O2 -Wl,--sort-common -Wl,--as-needed -Wl,-z,relro -Wl,-z,now -Wl,--disable-new-dtags -Wl,--gc-sections -Wl,--allow-shlib-undefined -Wl,-rpath,/home/nishidh/miniconda3/envs/climt/lib -Wl,-rpath-link,/home/nishidh/miniconda3/envs/climt/lib -L/home/nishidh/miniconda3/envs/climt/lib conftest.f -lm
Using built-in specs.
Target: x86_64-linux-gnu
Thread model: posix
gcc version 9.4.0 (Ubuntu 9.4.0-1ubuntu1~20.04.2) 
 /usr/lib/gcc/x86_64-linux-gnu/9/f951 conftest.f -ffixed-form -quiet -dumpbase conftest.f -mtune=generic -march=x86-64 -auxbase conftest -O2 -version -fno-tree-vectorize -fintrinsic-modules-path /usr/lib/gcc/x86_64-linux-gnu/9/finclude -fpre-include=/usr/include/finclude/math-vector-fortran.h -o /tmp/ccZVXsaU.s
GNU Fortran (Ubuntu 9.4.0-1ubuntu1~20.04.2) version 9.4.0 (x86_64-linux-gnu)
	compiled by GNU C version 9.4.0, GMP version 6.2.0, MPFR version 4.0.2, MPC version 1.1.0, isl version isl-0.22.1-GMP

GGC heuristics: --param ggc-min-expand=100 --param ggc-min-heapsize=131072
GNU Fortran2008 (Ubuntu 9.4.0-1ubuntu1~20.04.2) version 9.4.0 (x86_64-linux-gnu)
	compiled by GNU C version 9.4.0, GMP version 6.2.0, MPFR version 4.0.2, MPC version 1.1.0, isl version isl-0.22.1-GMP

GGC heuristics: --param ggc-min-expand=100 --param ggc-min-heapsize=131072
 as -v --64 -o /tmp/ccnQU52T.o /tmp/ccZVXsaU.s
GNU assembler version 2.34 (x86_64-linux-gnu) using BFD version (GNU Binutils for Ubuntu) 2.34
Reading specs from /usr/lib/gcc/x86_64-linux-gnu/9/libgfortran.spec
rename spec lib to liborig
 /usr/lib/gcc/x86_64-linux-gnu/9/collect2 -plugin /usr/lib/gcc/x86_64-linux-gnu/9/liblto_plugin.so -plugin-opt=/usr/lib/gcc/x86_64-linux-gnu/9/lto-wrapper -plugin-opt=-fresolution=/tmp/cchxrfyY.res -plugin-opt=-pass-through=-lgcc_s -plugin-opt=-pass-through=-lgcc -plugin-opt=-pass-through=-lquadmath -plugin-opt=-pass-through=-lm -plugin-opt=-pass-through=-lgcc_s -plugin-opt=-pass-through=-lgcc -plugin-opt=-pass-through=-lc -plugin-opt=-pass-through=-lgcc_s -plugin-opt=-pass-through=-lgcc --build-id --eh-frame-hdr -m elf_x86_64 --hash-style=gnu --as-needed -dynamic-linker /lib64/ld-linux-x86-64.so.2 -pie -z now -z relro -o conftest /usr/lib/gcc/x86_64-linux-gnu/9/../../../x86_64-linux-gnu/Scrt1.o /usr/lib/gcc/x86_64-linux-gnu/9/../../../x86_64-linux-gnu/crti.o /usr/lib/gcc/x86_64-linux-gnu/9/crtbeginS.o -L/home/nishidh/miniconda3/envs/climt/lib -L/usr/lib/gcc/x86_64-linux-gnu/9 -L/usr/lib/gcc/x86_64-linux-gnu/9/../../../x86_64-linux-gnu -L/usr/lib/gcc/x86_64-linux-gnu/9/../../../../lib -L/lib/x86_64-linux-gnu -L/lib/../lib -L/usr/lib/x86_64-linux-gnu -L/usr/lib/../lib -L/usr/lib/gcc/x86_64-linux-gnu/9/../../.. -O2 --sort-common --as-needed -z relro -z now --disable-new-dtags --gc-sections --allow-shlib-undefined -rpath /home/nishidh/miniconda3/envs/climt/lib -rpath-link /home/nishidh/miniconda3/envs/climt/lib /tmp/ccnQU52T.o -lgfortran -lm -lgfortran -lm -lgcc_s -lgcc -lquadmath -lm -lgcc_s -lgcc -lc -lgcc_s -lgcc /usr/lib/gcc/x86_64-linux-gnu/9/crtendS.o /usr/lib/gcc/x86_64-linux-gnu/9/../../../x86_64-linux-gnu/crtn.o
configure:17436: result: -v
configure:17438: checking for Fortran 77 libraries of gfortran
configure:17461: gfortran -o conftest -O2 -fno-tree-vectorize -v -Wl,-O2 -Wl,--sort-common -Wl,--as-needed -Wl,-z,relro -Wl,-z,now -Wl,--disable-new-dtags -Wl,--gc-sections -Wl,--allow-shlib-undefined -Wl,-rpath,/home/nishidh/miniconda3/envs/climt/lib -Wl,-rpath-link,/home/nishidh/miniconda3/envs/climt/lib -L/home/nishidh/miniconda3/envs/climt/lib conftest.f -lm
Using built-in specs.
Target: x86_64-linux-gnu
Thread model: posix
gcc version 9.4.0 (Ubuntu 9.4.0-1ubuntu1~20.04.2) 
 /usr/lib/gcc/x86_64-linux-gnu/9/f951 conftest.f -ffixed-form -quiet -dumpbase conftest.f -mtune=generic -march=x86-64 -auxbase conftest -O2 -version -fno-tree-vectorize -fintrinsic-modules-path /usr/lib/gcc/x86_64-linux-gnu/9/finclude -fpre-include=/usr/include/finclude/math-vector-fortran.h -o /tmp/ccZkmV5n.s
GNU Fortran (Ubuntu 9.4.0-1ubuntu1~20.04.2) version 9.4.0 (x86_64-linux-gnu)
	compiled by GNU C version 9.4.0, GMP version 6.2.0, MPFR version 4.0.2, MPC version 1.1.0, isl version isl-0.22.1-GMP

GGC heuristics: --param ggc-min-expand=100 --param ggc-min-heapsize=131072
GNU Fortran2008 (Ubuntu 9.4.0-1ubuntu1~20.04.2) version 9.4.0 (x86_64-linux-gnu)
	compiled by GNU C version 9.4.0, GMP version 6.2.0, MPFR version 4.0.2, MPC version 1.1.0, isl version isl-0.22.1-GMP

GGC heuristics: --param ggc-min-expand=100 --param ggc-min-heapsize=131072
 as -v --64 -o /tmp/ccUZ7U0m.o /tmp/ccZkmV5n.s
GNU assembler version 2.34 (x86_64-linux-gnu) using BFD version (GNU Binutils for Ubuntu) 2.34
Reading specs from /usr/lib/gcc/x86_64-linux-gnu/9/libgfortran.spec
rename spec lib to liborig
 /usr/lib/gcc/x86_64-linux-gnu/9/collect2 -plugin /usr/lib/gcc/x86_64-linux-gnu/9/liblto_plugin.so -plugin-opt=/usr/lib/gcc/x86_64-linux-gnu/9/lto-wrapper -plugin-opt=-fresolution=/tmp/cc1YokQl.res -plugin-opt=-pass-through=-lgcc_s -plugin-opt=-pass-through=-lgcc -plugin-opt=-pass-through=-lquadmath -plugin-opt=-pass-through=-lm -plugin-opt=-pass-through=-lgcc_s -plugin-opt=-pass-through=-lgcc -plugin-opt=-pass-through=-lc -plugin-opt=-pass-through=-lgcc_s -plugin-opt=-pass-through=-lgcc --build-id --eh-frame-hdr -m elf_x86_64 --hash-style=gnu --as-needed -dynamic-linker /lib64/ld-linux-x86-64.so.2 -pie -z now -z relro -o conftest /usr/lib/gcc/x86_64-linux-gnu/9/../../../x86_64-linux-gnu/Scrt1.o /usr/lib/gcc/x86_64-linux-gnu/9/../../../x86_64-linux-gnu/crti.o /usr/lib/gcc/x86_64-linux-gnu/9/crtbeginS.o -L/home/nishidh/miniconda3/envs/climt/lib -L/usr/lib/gcc/x86_64-linux-gnu/9 -L/usr/lib/gcc/x86_64-linux-gnu/9/../../../x86_64-linux-gnu -L/usr/lib/gcc/x86_64-linux-gnu/9/../../../../lib -L/lib/x86_64-linux-gnu -L/lib/../lib -L/usr/lib/x86_64-linux-gnu -L/usr/lib/../lib -L/usr/lib/gcc/x86_64-linux-gnu/9/../../.. -O2 --sort-common --as-needed -z relro -z now --disable-new-dtags --gc-sections --allow-shlib-undefined -rpath /home/nishidh/miniconda3/envs/climt/lib -rpath-link /home/nishidh/miniconda3/envs/climt/lib /tmp/ccUZ7U0m.o -lgfortran -lm -lgfortran -lm -lgcc_s -lgcc -lquadmath -lm -lgcc_s -lgcc -lc -lgcc_s -lgcc /usr/lib/gcc/x86_64-linux-gnu/9/crtendS.o /usr/lib/gcc/x86_64-linux-gnu/9/../../../x86_64-linux-gnu/crtn.o
configure:17657: result:  -L/home/nishidh/miniconda3/envs/climt/lib -L/usr/lib/gcc/x86_64-linux-gnu/9 -L/usr/lib/gcc/x86_64-linux-gnu/9/../../../x86_64-linux-gnu -L/usr/lib/gcc/x86_64-linux-gnu/9/../../../../lib -L/lib/x86_64-linux-gnu -L/lib/../lib -L/usr/lib/x86_64-linux-gnu -L/usr/lib/../lib -L/usr/lib/gcc/x86_64-linux-gnu/9/../../.. -lgfortran -lm -lquadmath
configure:17673: checking for dummy main to link with Fortran 77 libraries
configure:17707: gcc -o conftest -O2 -fno-tree-vectorize -Wno-incompatible-pointer-types -DNDEBUG -D_FORTIFY_SOURCE=2 -O2 -isystem /home/nishidh/miniconda3/envs/climt/include -Wl,-O2 -Wl,--sort-common -Wl,--as-needed -Wl,-z,relro -Wl,-z,now -Wl,--disable-new-dtags -Wl,--gc-sections -Wl,--allow-shlib-undefined -Wl,-rpath,/home/nishidh/miniconda3/envs/climt/lib -Wl,-rpath-link,/home/nishidh/miniconda3/envs/climt/lib -L/home/nishidh/miniconda3/envs/climt/lib conftest.c -lm   -L/home/nishidh/miniconda3/envs/climt/lib -L/usr/lib/gcc/x86_64-linux-gnu/9 -L/usr/lib/gcc/x86_64-linux-gnu/9/../../../x86_64-linux-gnu -L/usr/lib/gcc/x86_64-linux-gnu/9/../../../../lib -L/lib/x86_64-linux-gnu -L/lib/../lib -L/usr/lib/x86_64-linux-gnu -L/usr/lib/../lib -L/usr/lib/gcc/x86_64-linux-gnu/9/../../.. -lgfortran -lm -lquadmath >&5
configure:17707: $? = 0
configure:17752: result: none
configure:14988: checking for Fortran 77 name-mangling scheme
configure:15001: gfortran -c -O2 -fno-tree-vectorize conftest.f >&5
configure:15001: $? = 0
configure:15042: gcc -o conftest -O2 -fno-tree-vectorize -Wno-incompatible-pointer-types -DNDEBUG -D_FORTIFY_SOURCE=2 -O2 -isystem /home/nishidh/miniconda3/envs/climt/include -Wl,-O2 -Wl,--sort-common -Wl,--as-needed -Wl,-z,relro -Wl,-z,now -Wl,--disable-new-dtags -Wl,--gc-sections -Wl,--allow-shlib-undefined -Wl,-rpath,/home/nishidh/miniconda3/envs/climt/lib -Wl,-rpath-link,/home/nishidh/miniconda3/envs/climt/lib -L/home/nishidh/miniconda3/envs/climt/lib conftest.c cfortran_test.o -lm   -L/home/nishidh/miniconda3/envs/climt/lib -L/usr/lib/gcc/x86_64-linux-gnu/9 -L/usr/lib/gcc/x86_64-linux-gnu/9/../../../x86_64-linux-gnu -L/usr/lib/gcc/x86_64-linux-gnu/9/../../../../lib -L/lib/x86_64-linux-gnu -L/lib/../lib -L/usr/lib/x86_64-linux-gnu -L/usr/lib/../lib -L/usr/lib/gcc/x86_64-linux-gnu/9/../../.. -lgfortran -lm -lquadmath >&5
/usr/bin/ld: /tmp/ccinGPfT.o: in function `main':
conftest.c:(.text.startup+0xb): undefined reference to `foobar'
collect2: error: ld returned 1 exit status
configure:15042: $? = 1
configure: failed program was:
| /* confdefs.h */
| #define PACKAGE_NAME "fftw"
| #define PACKAGE_TARNAME "fftw"
| #define PACKAGE_VERSION "3.3.6-pl2"
| #define PACKAGE_STRING "fftw 3.3.6-pl2"
| #define PACKAGE_BUGREPORT "fftw@fftw.org"
| #define PACKAGE_URL ""
| #define PACKAGE "fftw"
| #define VERSION "3.3.6-pl2"
| #define FFTW_ENABLE_ALLOCA 1
| #define STDC_HEADERS 1
| #define HAVE_SYS_TYPES_H 1
| #define HAVE_SYS_STAT_H 1
| #define HAVE_STDLIB_H 1
| #define HAVE_STRING_H 1
| #define HAVE_MEMORY_H 1
| #define HAVE_STRINGS_H 1
| #define HAVE_INTTYPES_H 1
| #define HAVE_STDINT_H 1
| #define HAVE_UNISTD_H 1
| #define HAVE_DLFCN_H 1
| #define LT_OBJDIR ".libs/"
| #define STDC_HEADERS 1
| #define HAVE_LIBINTL_H 1
| #define HAVE_MALLOC_H 1
| #define HAVE_STDDEF_H 1
| #define HAVE_STDLIB_H 1
| #define HAVE_STRING_H 1
| #define HAVE_STRINGS_H 1
| #define HAVE_SYS_TIME_H 1
| #define HAVE_UNISTD_H 1
| #define HAVE_LIMITS_H 1
| #define HAVE_STDINT_H 1
| #define HAVE_SYS_SYSCTL_H 1
| #define TIME_WITH_SYS_TIME 1
| #define HAVE_LONG_DOUBLE 1
| #define SIZEOF_INT 4
| #define SIZEOF_UNSIGNED_INT 4
| #define SIZEOF_LONG 8
| #define SIZEOF_UNSIGNED_LONG 8
| #define SIZEOF_LONG_LONG 8
| #define SIZEOF_UNSIGNED_LONG_LONG 8
| #define SIZEOF_SIZE_T 8
| #define SIZEOF_PTRDIFF_T 8
| #define HAVE_UINTPTR_T 1
| #define SIZEOF_FLOAT 4
| #define SIZEOF_DOUBLE 8
| #define SIZEOF_FFTW_R2R_KIND 4
| #define HAVE_ALLOCA_H 1
| #define HAVE_ALLOCA 1
| #define HAVE_VPRINTF 1
| #define HAVE_LIBM 1
| #define HAVE_GETTIMEOFDAY 1
| #define HAVE_DRAND48 1
| #define HAVE_SQRT 1
| #define HAVE_MEMSET 1
| #define HAVE_POSIX_MEMALIGN 1
| #define HAVE_MEMALIGN 1
| #define HAVE_CLOCK_GETTIME 1
| #define HAVE_SYSCTL 1
| #define HAVE_ABORT 1
| #define HAVE_SINL 1
| #define HAVE_COSL 1
| #define HAVE_SNPRINTF 1
| #define HAVE_DECL_SINL 1
| #define HAVE_DECL_COSL 1
| #define HAVE_DECL_SINQ 0
| #define HAVE_DECL_COSQ 0
| #define HAVE_DECL_MEMALIGN 1
| #define HAVE_DECL_DRAND48 1
| #define HAVE_DECL_SRAND48 1
| #define HAVE_DECL_POSIX_MEMALIGN 1
| #define HAVE_ISNAN 1
| /* end confdefs.h.  */
| 
| /* Override any GCC internal prototype to avoid an error.
|    Use char because int might match the return type of a GCC
|    builtin and then its argument prototype would still apply.  */
| #ifdef __cplusplus
| extern "C"
| #endif
| char foobar ();
| #ifdef F77_DUMMY_MAIN
| 
| #  ifdef __cplusplus
|      extern "C"
| #  endif
|    int F77_DUMMY_MAIN() { return 1; }
| 
| #endif
| int
| main ()
| {
| return foobar ();
|   ;
|   return 0;
| }
configure:15042: gcc -o conftest -O2 -fno-tree-vectorize -Wno-incompatible-pointer-types -DNDEBUG -D_FORTIFY_SOURCE=2 -O2 -isystem /home/nishidh/miniconda3/envs/climt/include -Wl,-O2 -Wl,--sort-common -Wl,--as-needed -Wl,-z,relro -Wl,-z,now -Wl,--disable-new-dtags -Wl,--gc-sections -Wl,--allow-shlib-undefined -Wl,-rpath,/home/nishidh/miniconda3/envs/climt/lib -Wl,-rpath-link,/home/nishidh/miniconda3/envs/climt/lib -L/home/nishidh/miniconda3/envs/climt/lib conftest.c cfortran_test.o -lm   -L/home/nishidh/miniconda3/envs/climt/lib -L/usr/lib/gcc/x86_64-linux-gnu/9 -L/usr/lib/gcc/x86_64-linux-gnu/9/../../../x86_64-linux-gnu -L/usr/lib/gcc/x86_64-linux-gnu/9/../../../../lib -L/lib/x86_64-linux-gnu -L/lib/../lib -L/usr/lib/x86_64-linux-gnu -L/usr/lib/../lib -L/usr/lib/gcc/x86_64-linux-gnu/9/../../.. -lgfortran -lm -lquadmath >&5
configure:15042: $? = 0
configure:15100: gcc -o conftest -O2 -fno-tree-vectorize -Wno-incompatible-pointer-types -DNDEBUG -D_FORTIFY_SOURCE=2 -O2 -isystem /home/nishidh/miniconda3/envs/climt/include -Wl,-O2 -Wl,--sort-common -Wl,--as-needed -Wl,-z,relro -Wl,-z,now -Wl,--disable-new-dtags -Wl,--gc-sections -Wl,--allow-shlib-undefined -Wl,-rpath,/home/nishidh/miniconda3/envs/climt/lib -Wl,-rpath-link,/home/nishidh/miniconda3/envs/climt/lib -L/home/nishidh/miniconda3/envs/climt/lib conftest.c cfortran_test.o -lm   -L/home/nishidh/miniconda3/envs/climt/lib -L/usr/lib/gcc/x86_64-linux-gnu/9 -L/usr/lib/gcc/x86_64-linux-gnu/9/../../../x86_64-linux-gnu -L/usr/lib/gcc/x86_64-linux-gnu/9/../../../../lib -L/lib/x86_64-linux-gnu -L/lib/../lib -L/usr/lib/x86_64-linux-gnu -L/usr/lib/../lib -L/usr/lib/gcc/x86_64-linux-gnu/9/../../.. -lgfortran -lm -lquadmath >&5
configure:15100: $? = 0
configure:15142: result: lower case, underscore, no extra underscore
configure:15288: checking for OpenMP flag of C compiler
configure:15332: gcc -o conftest -O2 -fno-tree-vectorize -Wno-incompatible-pointer-types -fopenmp -DNDEBUG -D_FORTIFY_SOURCE=2 -O2 -isystem /home/nishidh/miniconda3/envs/climt/include -Wl,-O2 -Wl,--sort-common -Wl,--as-needed -Wl,-z,relro -Wl,-z,now -Wl,--disable-new-dtags -Wl,--gc-sections -Wl,--allow-shlib-undefined -Wl,-rpath,/home/nishidh/miniconda3/envs/climt/lib -Wl,-rpath-link,/home/nishidh/miniconda3/envs/climt/lib -L/home/nishidh/miniconda3/envs/climt/lib conftest.c -lm  >&5
configure:15332: $? = 0
configure:15341: result: -fopenmp
configure:15847: checking whether a cycle counter is available
configure:15858: cpp -DNDEBUG -D_FORTIFY_SOURCE=2 -O2 -isystem /home/nishidh/miniconda3/envs/climt/include -I./kernel conftest.c
configure:15858: $? = 0
configure:15865: result: yes
configure:15984: checking that generated files are newer than configure
configure:15990: result: done
configure:16097: creating ./config.status

## ---------------------- ##
## Running config.status. ##
## ---------------------- ##

This file was extended by fftw config.status 3.3.6-pl2, which was
generated by GNU Autoconf 2.69.  Invocation command line was

  CONFIG_FILES    = 
  CONFIG_HEADERS  = 
  CONFIG_LINKS    = 
  CONFIG_COMMANDS = 
  $ ./config.status 

on fortytwo

config.status:1323: creating Makefile
config.status:1323: creating support/Makefile
config.status:1323: creating genfft/Makefile
config.status:1323: creating kernel/Makefile
config.status:1323: creating simd-support/Makefile
config.status:1323: creating dft/Makefile
config.status:1323: creating dft/scalar/Makefile
config.status:1323: creating dft/scalar/codelets/Makefile
config.status:1323: creating dft/simd/Makefile
config.status:1323: creating dft/simd/common/Makefile
config.status:1323: creating dft/simd/sse2/Makefile
config.status:1323: creating dft/simd/avx/Makefile
config.status:1323: creating dft/simd/avx-128-fma/Makefile
config.status:1323: creating dft/simd/avx2/Makefile
config.status:1323: creating dft/simd/avx2-128/Makefile
config.status:1323: creating dft/simd/avx512/Makefile
config.status:1323: creating dft/simd/kcvi/Makefile
config.status:1323: creating dft/simd/altivec/Makefile
config.status:1323: creating dft/simd/vsx/Makefile
config.status:1323: creating dft/simd/neon/Makefile
config.status:1323: creating dft/simd/generic-simd128/Makefile
config.status:1323: creating dft/simd/generic-simd256/Makefile
config.status:1323: creating rdft/Makefile
config.status:1323: creating rdft/scalar/Makefile
config.status:1323: creating rdft/scalar/r2cf/Makefile
config.status:1323: creating rdft/scalar/r2cb/Makefile
config.status:1323: creating rdft/scalar/r2r/Makefile
config.status:1323: creating rdft/simd/Makefile
config.status:1323: creating rdft/simd/common/Makefile
config.status:1323: creating rdft/simd/sse2/Makefile
config.status:1323: creating rdft/simd/avx/Makefile
config.status:1323: creating rdft/simd/avx-128-fma/Makefile
config.status:1323: creating rdft/simd/avx2/Makefile
config.status:1323: creating rdft/simd/avx2-128/Makefile
config.status:1323: creating rdft/simd/avx512/Makefile
config.status:1323: creating rdft/simd/kcvi/Makefile
config.status:1323: creating rdft/simd/altivec/Makefile
config.status:1323: creating rdft/simd/vsx/Makefile
config.status:1323: creating rdft/simd/neon/Makefile
config.status:1323: creating rdft/simd/generic-simd128/Makefile
config.status:1323: creating rdft/simd/generic-simd256/Makefile
config.status:1323: creating reodft/Makefile
config.status:1323: creating threads/Makefile
config.status:1323: creating api/Makefile
config.status:1323: creating mpi/Makefile
config.status:1323: creating libbench2/Makefile
config.status:1323: creating tests/Makefile
config.status:1323: creating doc/Makefile
config.status:1323: creating doc/FAQ/Makefile
config.status:1323: creating tools/Makefile
config.status:1323: creating tools/fftw_wisdom.1
config.status:1323: creating tools/fftw-wisdom-to-conf
config.status:1323: creating m4/Makefile
config.status:1323: creating fftw.pc
config.status:1323: creating config.h
config.status:1552: executing depfiles commands
config.status:1552: executing libtool commands

## ---------------- ##
## Cache variables. ##
## ---------------- ##

ac_cv_build=x86_64-conda-linux-gnu
ac_cv_c_compiler_gnu=yes
ac_cv_c_const=yes
ac_cv_c_inline=inline
ac_cv_env_CC_set=set
ac_cv_env_CC_value=gcc
ac_cv_env_CFLAGS_set=set
ac_cv_env_CFLAGS_value='-O2 -fno-tree-vectorize -Wno-incompatible-pointer-types'
ac_cv_env_CPPFLAGS_set=set
ac_cv_env_CPPFLAGS_value='-DNDEBUG -D_FORTIFY_SOURCE=2 -O2 -isystem /home/nishidh/miniconda3/envs/climt/include'
ac_cv_env_CPP_set=set
ac_cv_env_CPP_value=cpp
ac_cv_env_F77_set=set
ac_cv_env_F77_value=gfortran
ac_cv_env_FFLAGS_set=set
ac_cv_env_FFLAGS_value='-O2 -fno-tree-vectorize'
ac_cv_env_LDFLAGS_set=set
ac_cv_env_LDFLAGS_value='-Wl,-O2 -Wl,--sort-common -Wl,--as-needed -Wl,-z,relro -Wl,-z,now -Wl,--disable-new-dtags -Wl,--gc-sections -Wl,--allow-shlib-undefined -Wl,-rpath,/home/nishidh/miniconda3/envs/climt/lib -Wl,-rpath-link,/home/nishidh/miniconda3/envs/climt/lib -L/home/nishidh/miniconda3/envs/climt/lib'
ac_cv_env_LIBS_set=
ac_cv_env_LIBS_value=
ac_cv_env_LT_SYS_LIBRARY_PATH_set=
ac_cv_env_LT_SYS_LIBRARY_PATH_value=
ac_cv_env_MPICC_set=
ac_cv_env_MPICC_value=
ac_cv_env_build_alias_set=set
ac_cv_env_build_alias_value=x86_64-conda-linux-gnu
ac_cv_env_host_alias_set=set
ac_cv_env_host_alias_value=x86_64-conda-linux-gnu
ac_cv_env_target_alias_set=
ac_cv_env_target_alias_value=
ac_cv_f77_compiler_gnu=yes
ac_cv_f77_dummy_main=none
ac_cv_f77_libs=' -L/home/nishidh/miniconda3/envs/climt/lib -L/usr/lib/gcc/x86_64-linux-gnu/9 -L/usr/lib/gcc/x86_64-linux-gnu/9/../../../x86_64-linux-gnu -L/usr/lib/gcc/x86_64-linux-gnu/9/../../../../lib -L/lib/x86_64-linux-gnu -L/lib/../lib -L/usr/lib/x86_64-linux-gnu -L/usr/lib/../lib -L/usr/lib/gcc/x86_64-linux-gnu/9/../../.. -lgfortran -lm -lquadmath'
ac_cv_f77_mangling='lower case, underscore, no extra underscore'
ac_cv_fortran_dummy_main=none
ac_cv_func_BSDgettimeofday=no
ac_cv_func__doprnt=no
ac_cv_func__mm_free=no
ac_cv_func__mm_malloc=no
ac_cv_func_abort=yes
ac_cv_func_alloca_works=yes
ac_cv_func_clock_gettime=yes
ac_cv_func_cosl=yes
ac_cv_func_drand48=yes
ac_cv_func_gethrtime=no
ac_cv_func_gettimeofday=yes
ac_cv_func_mach_absolute_time=no
ac_cv_func_memalign=yes
ac_cv_func_memset=yes
ac_cv_func_posix_memalign=yes
ac_cv_func_read_real_time=no
ac_cv_func_sinl=yes
ac_cv_func_snprintf=yes
ac_cv_func_sqrt=yes
ac_cv_func_strtod=yes
ac_cv_func_sysctl=yes
ac_cv_func_time_base_to_time=no
ac_cv_func_vprintf=yes
ac_cv_have_decl_cosl=yes
ac_cv_have_decl_cosq=no
ac_cv_have_decl_drand48=yes
ac_cv_have_decl_memalign=yes
ac_cv_have_decl_posix_memalign=yes
ac_cv_have_decl_sinl=yes
ac_cv_have_decl_sinq=no
ac_cv_have_decl_srand48=yes
ac_cv_header_altivec_h=no
ac_cv_header_c_asm_h=no
ac_cv_header_dlfcn_h=yes
ac_cv_header_intrinsics_h=no
ac_cv_header_inttypes_h=yes
ac_cv_header_libintl_h=yes
ac_cv_header_limits_h=yes
ac_cv_header_mach_mach_time_h=no
ac_cv_header_malloc_h=yes
ac_cv_header_memory_h=yes
ac_cv_header_stdc=yes
ac_cv_header_stddef_h=yes
ac_cv_header_stdint_h=yes
ac_cv_header_stdlib_h=yes
ac_cv_header_string_h=yes
ac_cv_header_strings_h=yes
ac_cv_header_sys_stat_h=yes
ac_cv_header_sys_sysctl_h=yes
ac_cv_header_sys_time_h=yes
ac_cv_header_sys_types_h=yes
ac_cv_header_time=yes
ac_cv_header_unistd_h=yes
ac_cv_host=x86_64-conda-linux-gnu
ac_cv_lib_m_sin=yes
ac_cv_objext=o
ac_cv_path_EGREP='/usr/bin/grep -E'
ac_cv_path_FGREP='/usr/bin/grep -F'
ac_cv_path_GREP=/usr/bin/grep
ac_cv_path_SED=/usr/bin/sed
ac_cv_path_install='/usr/bin/install -c'
ac_cv_path_lt_DD=/usr/bin/dd
ac_cv_path_mkdir=/usr/bin/mkdir
ac_cv_prog_AR=ar
ac_cv_prog_AWK=gawk
ac_cv_prog_CC=gcc
ac_cv_prog_CPP=cpp
ac_cv_prog_DLLTOOL=dlltool
ac_cv_prog_F77=gfortran
ac_cv_prog_OBJDUMP=x86_64-conda-linux-gnu-objdump
ac_cv_prog_RANLIB=ranlib
ac_cv_prog_STRIP=x86_64-conda-linux-gnu-strip
ac_cv_prog_ac_ct_MANIFEST_TOOL=mt
ac_cv_prog_cc_c89=
ac_cv_prog_cc_c99=
ac_cv_prog_cc_g=yes
ac_cv_prog_cc_stdc=
ac_cv_prog_f77_g=yes
ac_cv_prog_f77_v=-v
ac_cv_prog_make_make_set=yes
ac_cv_sizeof_double=8
ac_cv_sizeof_fftw_r2r_kind=4
ac_cv_sizeof_float=4
ac_cv_sizeof_int=4
ac_cv_sizeof_long=8
ac_cv_sizeof_long_long=8
ac_cv_sizeof_ptrdiff_t=8
ac_cv_sizeof_size_t=8
ac_cv_sizeof_unsigned_int=4
ac_cv_sizeof_unsigned_long=8
ac_cv_sizeof_unsigned_long_long=8
ac_cv_type_hrtime_t=no
ac_cv_type_long_double=yes
ac_cv_type_size_t=yes
ac_cv_type_uintptr_t=yes
ac_cv_working_alloca_h=yes
am_cv_CC_dependencies_compiler_type=gcc3
am_cv_make_support_nested_variables=yes
am_cv_prog_cc_c_o=yes
ax_cv_c_compiler_vendor=gnu
ax_cv_c_flags__malign_double=yes
ax_cv_c_flags__mpreferred_stack_boundary_4=yes
ax_cv_c_openmp=-fopenmp
lt_cv_ar_at_file=@
lt_cv_deplibs_check_method=pass_all
lt_cv_file_magic_cmd='$MAGIC_CMD'
lt_cv_file_magic_test_file=
lt_cv_ld_reload_flag=-r
lt_cv_nm_interface='BSD nm'
lt_cv_objdir=.libs
lt_cv_path_LD=ld
lt_cv_path_NM=x86_64-conda-linux-gnu-nm
lt_cv_path_mainfest_tool=no
lt_cv_prog_compiler_c_o=yes
lt_cv_prog_compiler_c_o_F77=yes
lt_cv_prog_compiler_pic='-fPIC -DPIC'
lt_cv_prog_compiler_pic_F77=-fPIC
lt_cv_prog_compiler_pic_works=yes
lt_cv_prog_compiler_pic_works_F77=yes
lt_cv_prog_compiler_rtti_exceptions=no
lt_cv_prog_compiler_static_works=yes
lt_cv_prog_compiler_static_works_F77=yes
lt_cv_prog_gnu_ld=yes
lt_cv_sharedlib_from_linklib_cmd='printf %s\n'
lt_cv_shlibpath_overrides_runpath=no
lt_cv_sys_global_symbol_pipe=
lt_cv_sys_global_symbol_to_c_name_address='sed -n -e '\''s/^: \(.*\) .*$/  {"\1", (void *) 0},/p'\'' -e '\''s/^[BCDEGRST][BCDEGRST]* .* \(.*\)$/  {"\1", (void *) \&\1},/p'\'''
lt_cv_sys_global_symbol_to_c_name_address_lib_prefix='sed -n -e '\''s/^: \(.*\) .*$/  {"\1", (void *) 0},/p'\'' -e '\''s/^[BCDEGRST][BCDEGRST]* .* \(lib.*\)$/  {"\1", (void *) \&\1},/p'\'' -e '\''s/^[BCDEGRST][BCDEGRST]* .* \(.*\)$/  {"lib\1", (void *) \&\1},/p'\'''
lt_cv_sys_global_symbol_to_cdecl=
lt_cv_sys_global_symbol_to_import=
lt_cv_sys_max_cmd_len=1572864
lt_cv_to_host_file_cmd=func_convert_file_noop
lt_cv_to_tool_file_cmd=func_convert_file_noop
lt_cv_truncate_bin='/usr/bin/dd bs=4096 count=1'

## ----------------- ##
## Output variables. ##
## ----------------- ##

ACLOCAL='${SHELL} /home/nishidh/climt_ai/climt_repo/climt/_lib/fftw-3.3.6-pl2/missing aclocal-1.15'
ALLOCA=''
ALTIVEC_CFLAGS=''
AMDEPBACKSLASH='\'
AMDEP_FALSE='#'
AMDEP_TRUE=''
AMTAR='$${TAR-tar}'
AM_BACKSLASH='\'
AM_DEFAULT_V='$(AM_DEFAULT_VERBOSITY)'
AM_DEFAULT_VERBOSITY='1'
AM_V='$(V)'
AR='ar'
AS='x86_64-conda-linux-gnu-as'
AUTOCONF='${SHELL} /home/nishidh/climt_ai/climt_repo/climt/_lib/fftw-3.3.6-pl2/missing autoconf'
AUTOHEADER='${SHELL} /home/nishidh/climt_ai/climt_repo/climt/_lib/fftw-3.3.6-pl2/missing autoheader'
AUTOMAKE='${SHELL} /home/nishidh/climt_ai/climt_repo/climt/_lib/fftw-3.3.6-pl2/missing automake-1.15'
AVX2_CFLAGS=''
AVX512_CFLAGS=''
AVX_128_FMA_CFLAGS=''
AVX_CFLAGS=''
AWK='gawk'
BUILD_DOC_FALSE='#'
BUILD_DOC_TRUE=''
CC='gcc'
CCDEPMODE='depmode=gcc3'
CFLAGS='-O2 -fno-tree-vectorize -Wno-incompatible-pointer-types'
CHECK_PL_OPTS=''
COMBINED_THREADS_FALSE=''
COMBINED_THREADS_TRUE='#'
CPP='cpp'
CPPFLAGS='-DNDEBUG -D_FORTIFY_SOURCE=2 -O2 -isystem /home/nishidh/miniconda3/envs/climt/include'
CYGPATH_W='echo'
C_FFTW_R2R_KIND='C_INT32_T'
C_MPI_FINT=''
DEFS='-DHAVE_CONFIG_H'
DEPDIR='.deps'
DLLTOOL='dlltool'
DSYMUTIL=''
DUMPBIN=''
ECHO_C=''
ECHO_N='-n'
ECHO_T=''
EGREP='/usr/bin/grep -E'
EXEEXT=''
F77='gfortran'
FFLAGS='-O2 -fno-tree-vectorize'
FGREP='/usr/bin/grep -F'
FLIBS=' -L/home/nishidh/miniconda3/envs/climt/lib -L/usr/lib/gcc/x86_64-linux-gnu/9 -L/usr/lib/gcc/x86_64-linux-gnu/9/../../../x86_64-linux-gnu -L/usr/lib/gcc/x86_64-linux-gnu/9/../../../../lib -L/lib/x86_64-linux-gnu -L/lib/../lib -L/usr/lib/x86_64-linux-gnu -L/usr/lib/../lib -L/usr/lib/gcc/x86_64-linux-gnu/9/../../.. -lgfortran -lm -lquadmath'
GREP='/usr/bin/grep'
HAVE_ALTIVEC_FALSE=''
HAVE_ALTIVEC_TRUE='#'
HAVE_AVX2_FALSE=''
HAVE_AVX2_TRUE='#'
HAVE_AVX512_FALSE=''
HAVE_AVX512_TRUE='#'
HAVE_AVX_128_FMA_FALSE=''
HAVE_AVX_128_FMA_TRUE='#'
HAVE_AVX_FALSE=''
HAVE_AVX_TRUE='#'
HAVE_GENERIC_SIMD128_FALSE=''
HAVE_GENERIC_SIMD128_TRUE='#'
HAVE_GENERIC_SIMD256_FALSE=''
HAVE_GENERIC_SIMD256_TRUE='#'
HAVE_KCVI_FALSE=''
HAVE_KCVI_TRUE='#'
HAVE_NEON_FALSE=''
HAVE_NEON_TRUE='#'
HAVE_SSE2_FALSE=''
HAVE_SSE2_TRUE='#'
HAVE_VSX_FALSE=''
HAVE_VSX_TRUE='#'
INDENT=''
INSTALL_DATA='${INSTALL} -m 644'
INSTALL_PROGRAM='${INSTALL}'
INSTALL_SCRIPT='${INSTALL}'
INSTALL_STRIP_PROGRAM='$(install_sh) -c -s'
KCVI_CFLAGS=''
LD='ld -m elf_x86_64'
LDFLAGS='-Wl,-O2 -Wl,--sort-common -Wl,--as-needed -Wl,-z,relro -Wl,-z,now -Wl,--disable-new-dtags -Wl,--gc-sections -Wl,--allow-shlib-undefined -Wl,-rpath,/home/nishidh/miniconda3/envs/climt/lib -Wl,-rpath-link,/home/nishidh/miniconda3/envs/climt/lib -L/home/nishidh/miniconda3/envs/climt/lib'
LDOUBLE_FALSE=''
LDOUBLE_TRUE='#'
LIBOBJS=''
LIBQUADMATH=''
LIBS='-lm '
LIBTOOL='$(SHELL) $(top_builddir)/libtool'
LIPO=''
LN_S='ln -s'
LTLIBOBJS=''
LT_SYS_LIBRARY_PATH=''
MAINT='#'
MAINTAINER_MODE_FALSE=''
MAINTAINER_MODE_TRUE='#'
MAKEINFO='${SHELL} /home/nishidh/climt_ai/climt_repo/climt/_lib/fftw-3.3.6-pl2/missing makeinfo'
MANIFEST_TOOL=':'
MKDIR_P='/usr/bin/mkdir -p'
MPICC=''
MPILIBS=''
MPIRUN=''
MPI_FALSE=''
MPI_TRUE='#'
NEON_CFLAGS=''
NM='x86_64-conda-linux-gnu-nm'
NMEDIT=''
OBJDUMP='x86_64-conda-linux-gnu-objdump'
OBJEXT='o'
OCAMLBUILD=''
OPENMP_CFLAGS='-fopenmp'
OPENMP_FALSE='#'
OPENMP_TRUE=''
OTOOL64=''
OTOOL=''
PACKAGE='fftw'
PACKAGE_BUGREPORT='fftw@fftw.org'
PACKAGE_NAME='fftw'
PACKAGE_STRING='fftw 3.3.6-pl2'
PACKAGE_TARNAME='fftw'
PACKAGE_URL=''
PACKAGE_VERSION='3.3.6-pl2'
PATH_SEPARATOR=':'
POW_LIB=''
PRECISION='d'
PREC_SUFFIX=''
PTHREAD_CC=''
PTHREAD_CFLAGS=''
PTHREAD_LIBS=''
QUAD_FALSE=''
QUAD_TRUE='#'
RANLIB='ranlib'
SED='/usr/bin/sed'
SET_MAKE=''
SHARED_VERSION_INFO='8:6:5'
SHELL='/bin/bash'
SINGLE_FALSE=''
SINGLE_TRUE='#'
SMP_FALSE='#'
SMP_TRUE=''
SSE2_CFLAGS=''
STACK_ALIGN_CFLAGS=''
STRIP='x86_64-conda-linux-gnu-strip'
THREADLIBS=''
THREADS_FALSE=''
THREADS_TRUE='#'
VERSION='3.3.6-pl2'
VSX_CFLAGS=''
ac_ct_AR=''
ac_ct_CC=''
ac_ct_DUMPBIN=''
ac_ct_F77=''
acx_pthread_config=''
am__EXEEXT_FALSE=''
am__EXEEXT_TRUE='#'
am__fastdepCC_FALSE='#'
am__fastdepCC_TRUE=''
am__include='include'
am__isrc=''
am__leading_dot='.'
am__nodep='_no'
am__quote=''
am__tar='$${TAR-tar} chof - "$$tardir"'
am__untar='$${TAR-tar} xf -'
bindir='${exec_prefix}/bin'
build='x86_64-conda-linux-gnu'
build_alias='x86_64-conda-linux-gnu'
build_cpu='x86_64'
build_os='linux-gnu'
build_vendor='conda'
datadir='${datarootdir}'
datarootdir='${prefix}/share'
docdir='${datarootdir}/doc/${PACKAGE_TARNAME}'
dvidir='${docdir}'
exec_prefix='${prefix}'
host='x86_64-conda-linux-gnu'
host_alias='x86_64-conda-linux-gnu'
host_cpu='x86_64'
host_os='linux-gnu'
host_vendor='conda'
htmldir='${docdir}'
includedir='${prefix}/include'
infodir='${datarootdir}/info'
install_sh='${SHELL} /home/nishidh/climt_ai/climt_repo/climt/_lib/fftw-3.3.6-pl2/install-sh'
libdir='${exec_prefix}/lib'
libexecdir='${exec_prefix}/libexec'
localedir='${datarootdir}/locale'
localstatedir='${prefix}/var'
mandir='${datarootdir}/man'
mkdir_p='$(MKDIR_P)'
oldincludedir='/usr/include'
pdfdir='${docdir}'
prefix='/home/nishidh/climt_ai/climt_repo/climt/_lib/fftw-3.3.6-pl2/..'
program_transform_name='s,x,x,'
psdir='${docdir}'
runstatedir='${localstatedir}/run'
sbindir='${exec_prefix}/sbin'
sharedstatedir='${prefix}/com'
sysconfdir='${prefix}/etc'
target_alias=''

## ----------- ##
## confdefs.h. ##
## ----------- ##

/* confdefs.h */
#define PACKAGE_NAME "fftw"
#define PACKAGE_TARNAME "fftw"
#define PACKAGE_VERSION "3.3.6-pl2"
#define PACKAGE_STRING "fftw 3.3.6-pl2"
#define PACKAGE_BUGREPORT "fftw@fftw.org"
#define PACKAGE_URL ""
#define PACKAGE "fftw"
#define VERSION "3.3.6-pl2"
#define FFTW_ENABLE_ALLOCA 1
#define STDC_HEADERS 1
#define HAVE_SYS_TYPES_H 1
#define HAVE_SYS_STAT_H 1
#define HAVE_STDLIB_H 1
#define HAVE_STRING_H 1
#define HAVE_MEMORY_H 1
#define HAVE_STRINGS_H 1
#define HAVE_INTTYPES_H 1
#define HAVE_STDINT_H 1
#define HAVE_UNISTD_H 1
#define HAVE_DLFCN_H 1
#define LT_OBJDIR ".libs/"
#define STDC_HEADERS 1
#define HAVE_LIBINTL_H 1
#define HAVE_MALLOC_H 1
#define HAVE_STDDEF_H 1
#define HAVE_STDLIB_H 1
#define HAVE_STRING_H 1
#define HAVE_STRINGS_H 1
#define HAVE_SYS_TIME_H 1
#define HAVE_UNISTD_H 1
#define HAVE_LIMITS_H 1
#define HAVE_STDINT_H 1
#define HAVE_SYS_SYSCTL_H 1
#define TIME_WITH_SYS_TIME 1
#define HAVE_LONG_DOUBLE 1
#define SIZEOF_INT 4
#define SIZEOF_UNSIGNED_INT 4
#define SIZEOF_LONG 8
#define SIZEOF_UNSIGNED_LONG 8
#define SIZEOF_LONG_LONG 8
#define SIZEOF_UNSIGNED_LONG_LONG 8
#define SIZEOF_SIZE_T 8
#define SIZEOF_PTRDIFF_T 8
#define HAVE_UINTPTR_T 1
#define SIZEOF_FLOAT 4
#define SIZEOF_DOUBLE 8
#define SIZEOF_FFTW_R2R_KIND 4
#define HAVE_ALLOCA_H 1
#define HAVE_ALLOCA 1
#define HAVE_VPRINTF 1
#define HAVE_LIBM 1
#define HAVE_GETTIMEOFDAY 1
#define HAVE_DRAND48 1
#define HAVE_SQRT 1
#define HAVE_MEMSET 1
#define HAVE_POSIX_MEMALIGN 1
#define HAVE_MEMALIGN 1
#define HAVE_CLOCK_GETTIME 1
#define HAVE_SYSCTL 1
#define HAVE_ABORT 1
#define HAVE_SINL 1
#define HAVE_COSL 1
#define HAVE_SNPRINTF 1
#define HAVE_DECL_SINL 1
#define HAVE_DECL_COSL 1
#define HAVE_DECL_SINQ 0
#define HAVE_DECL_COSQ 0
#define HAVE_DECL_MEMALIGN 1
#define HAVE_DECL_DRAND48 1
#define HAVE_DECL_SRAND48 1
#define HAVE_DECL_POSIX_MEMALIGN 1
#define HAVE_ISNAN 1
#define F77_FUNC(name,NAME) name ## _
#define F77_FUNC_(name,NAME) name ## _
#define F77_FUNC_EQUIV 1
#define WITH_G77_WRAPPERS 1
#define HAVE_OPENMP 1
#define HAVE_OPENMP 1
#define FFTW_CC "gcc -O2 -fno-tree-vectorize -Wno-incompatible-pointer-types"

configure: exit 0
